-- MySQL dump 10.13  Distrib 8.0.16, for Win64 (x86_64)
--
-- Host: localhost    Database: nationalfitnesschallenge1
-- ------------------------------------------------------
-- Server version	8.0.16

/*!40101 SET @OLD_CHARACTER_SET_CLIENT=@@CHARACTER_SET_CLIENT */;
/*!40101 SET @OLD_CHARACTER_SET_RESULTS=@@CHARACTER_SET_RESULTS */;
/*!40101 SET @OLD_COLLATION_CONNECTION=@@COLLATION_CONNECTION */;
 SET NAMES utf8 ;
/*!40103 SET @OLD_TIME_ZONE=@@TIME_ZONE */;
/*!40103 SET TIME_ZONE='+00:00' */;
/*!40014 SET @OLD_UNIQUE_CHECKS=@@UNIQUE_CHECKS, UNIQUE_CHECKS=0 */;
/*!40014 SET @OLD_FOREIGN_KEY_CHECKS=@@FOREIGN_KEY_CHECKS, FOREIGN_KEY_CHECKS=0 */;
/*!40101 SET @OLD_SQL_MODE=@@SQL_MODE, SQL_MODE='NO_AUTO_VALUE_ON_ZERO' */;
/*!40111 SET @OLD_SQL_NOTES=@@SQL_NOTES, SQL_NOTES=0 */;

--
-- Table structure for table `activity`
--

DROP TABLE IF EXISTS `activity`;
/*!40101 SET @saved_cs_client     = @@character_set_client */;
 SET character_set_client = utf8mb4 ;
CREATE TABLE `activity` (
  `ActivityID` int(11) NOT NULL,
  `ActivityDate` datetime DEFAULT NULL,
  `ActivityStartTime` text,
  `ActivityDistance` double DEFAULT NULL,
  `ActivityDuration` double DEFAULT NULL,
  `ActivityName` text,
  `ActivityType` text,
  `ActivitySport` text,
  `Description` text,
  `PrivacyControls` text,
  `UserID` int(11) DEFAULT NULL,
  PRIMARY KEY (`ActivityID`),
  KEY `activity_UserID_idx` (`UserID`),
  CONSTRAINT `activity_UserID` FOREIGN KEY (`UserID`) REFERENCES `user` (`UserID`) ON DELETE CASCADE ON UPDATE CASCADE
) ENGINE=InnoDB DEFAULT CHARSET=utf8mb4 COLLATE=utf8mb4_0900_ai_ci;
/*!40101 SET character_set_client = @saved_cs_client */;

--
-- Dumping data for table `activity`
--

LOCK TABLES `activity` WRITE;
/*!40000 ALTER TABLE `activity` DISABLE KEYS */;
INSERT INTO `activity` VALUES (1,'2019-09-16 00:00:00','2:01:00',12.64,77.82,'Energetic Race','Casual','Run','It went amazing.','Only Me',218),(2,'2019-09-04 00:00:00','20:03:00',19.88,113.31,'Dreamy Scamper','Training','Run','It went fantastic.','Only Me',40),(3,'2019-09-21 00:00:00','5:48:00',4.68,27.97,'Energetic Race','Casual','Run','It went fantastic!','Only Me',172),(4,'2019-09-18 00:00:00','8:20:00',8.88,66.58,'Energetic Race','Casual','Run','It went great.','Everyone',25),(5,'2019-09-21 00:00:00','6:48:00',17.87,95.38,'Dreamy Race','Training','Jog','It went fantastic!','Everyone',195),(6,'2019-09-20 00:00:00','6:50:00',4.58,29.6,'Energetic Race','Casual','Jog','It went disastrous.','Only Me',158),(7,'2019-09-05 00:00:00','21:53:00',20.16,101.07,'Energetic Race','Casual','Run','It went amazing!','Everyone',71),(8,'2019-09-13 00:00:00','9:05:00',9.33,48.43,'Energetic Race','Training','Jog','It went fantastic.','Only Me',90),(9,'2019-10-01 00:00:00','10:43:00',1.32,9.98,'Cheerful Race','Training','Run','It went fantastic!','Followers Only',58),(10,'2019-09-11 00:00:00','1:06:00',9.48,64.04,'Energetic Race','Training','Jog','It went fantastic!','Followers Only',122),(11,'2019-09-06 00:00:00','8:09:00',0.03,3.18,'Calm Scamper','Training','Run','It went fantastic!','Only Me',165),(12,'2019-09-03 00:00:00','22:28:00',13.22,126.27,'Cheerful Race','Casual','Run','It went fantastic.','Only Me',126),(13,'2019-09-10 00:00:00','10:16:00',12.2,106.47,'Energetic Scamper','Casual','Jog','It went fantastic.','Everyone',179),(14,'2019-09-15 00:00:00','14:27:00',9.98,70.61,'Energetic Race','Training','Jog','It went fantastic.','Only Me',62),(15,'2019-09-11 00:00:00','2:46:00',1.03,5.3,'Energetic Race','Training','Run','It went fantastic.','Only Me',251),(16,'2019-09-12 00:00:00','0:55:00',12.91,51.37,'Cheerful Scamper','Casual','Jog','It went perfect!','Everyone',7),(17,'2019-09-26 00:00:00','3:27:00',6.9,51.04,'Calm Race','Training','Jog','It went fantastic.','Followers Only',216),(18,'2019-09-25 00:00:00','1:05:00',10.27,51.9,'Energetic Race','Casual','Jog','It went perfect.','Everyone',293),(19,'2019-09-21 00:00:00','18:04:00',13.88,75.49,'Calm Race','Casual','Jog','It went amazing.','Only Me',73),(20,'2019-09-26 00:00:00','10:32:00',14.28,42.74,'Dreamy Race','Training','Run','It went fantastic.','Everyone',134),(21,'2019-09-29 00:00:00','7:22:00',1.42,18.97,'Energetic Scamper','Training','Jog','It went fantastic.','Followers Only',237),(22,'2019-09-02 00:00:00','1:20:00',9.07,51.19,'Calm Scurry','Training','Jog','It went amazing!','Only Me',175),(23,'2019-09-24 00:00:00','0:27:00',18.96,165.92,'Energetic Scurry','Casual','Run','It went fantastic.','Only Me',18),(24,'2019-09-04 00:00:00','9:20:00',8.91,30.9,'Energetic Race','Casual','Run','It went well!','Followers Only',269),(25,'2019-09-22 00:00:00','1:51:00',5.71,58.07,'Cheerful Race','Training','Run','It went perfect.','Only Me',89),(26,'2019-09-04 00:00:00','15:29:00',16.51,113.68,'Energetic Race','Training','Run','It went fantastic.','Only Me',208),(27,'2019-09-12 00:00:00','8:50:00',13.26,118.84,'Cheerful Race','Casual','Jog','It went fantastic.','Only Me',201),(28,'2019-09-01 00:00:00','21:11:00',9.76,72.36,'Calm Scamper','Training','Run','It went perfect!','Everyone',187),(29,'2019-09-09 00:00:00','11:45:00',7.78,65.35,'Cheerful Scamper','Casual','Run','It went fantastic.','Followers Only',67),(30,'2019-09-01 00:00:00','13:23:00',17.24,92.8,'Energetic Race','Casual','Jog','It went well.','Only Me',247),(31,'2019-09-07 00:00:00','6:32:00',17.5,87.49,'Energetic Gallop','Casual','Jog','It went perfect.','Followers Only',165),(32,'2019-09-24 00:00:00','1:41:00',20.81,156.66,'Dreamy Scurry','Casual','Run','It went fantastic!','Everyone',112),(33,'2019-09-26 00:00:00','13:09:00',5.94,40.17,'Dreamy Scurry','Training','Jog','It went fantastic.','Only Me',4),(34,'2019-09-25 00:00:00','21:49:00',16.12,84.72,'Dreamy Scurry','Training','Run','It went fantastic!','Only Me',8),(35,'2019-09-08 00:00:00','16:22:00',0.13,8.88,'Calm Scurry','Casual','Run','It went fantastic!','Followers Only',149),(36,'2019-09-29 00:00:00','0:42:00',1.17,15.8,'Dreamy Scurry','Training','Run','It went fantastic.','Everyone',200),(37,'2019-09-09 00:00:00','9:29:00',5.36,36.33,'Energetic Scurry','Casual','Run','It went fantastic!','Followers Only',59),(38,'2019-09-01 00:00:00','20:56:00',8.47,45.98,'Energetic Race','Training','Jog','It went fantastic.','Everyone',59),(39,'2019-09-12 00:00:00','16:35:00',15.87,82.14,'Energetic Scurry','Training','Jog','It went perfect!','Followers Only',16),(40,'2019-09-29 00:00:00','15:02:00',19.65,120.77,'Energetic Race','Casual','Jog','It went fantastic!','Followers Only',61),(41,'2019-09-30 00:00:00','18:56:00',3.04,32.71,'Dreamy Race','Casual','Run','It went amazing!','Followers Only',99),(42,'2019-09-18 00:00:00','15:26:00',13.78,90.99,'Energetic Race','Casual','Run','It went fantastic!','Only Me',57),(43,'2019-09-14 00:00:00','13:23:00',14.26,133.67,'Calm Race','Training','Jog','It went fantastic.','Followers Only',123),(44,'2019-09-09 00:00:00','17:45:00',20.25,162.6,'Dreamy Scamper','Training','Run','It went fantastic!','Everyone',287),(45,'2019-09-11 00:00:00','15:32:00',9.79,55.25,'Dreamy Race','Training','Run','It went fantastic.','Only Me',71),(46,'2019-09-19 00:00:00','6:24:00',10.92,76.41,'Energetic Scamper','Training','Run','It went amazing!','Followers Only',131),(47,'2019-09-17 00:00:00','19:47:00',3.81,27.38,'Dreamy Scurry','Training','Jog','It went fantastic.','Followers Only',237),(48,'2019-09-11 00:00:00','11:06:00',19.78,84.2,'Calm Race','Casual','Jog','It went okay.','Everyone',296),(49,'2019-09-14 00:00:00','1:27:00',1.79,15.5,'Energetic Race','Casual','Jog','It went perfect!','Everyone',191),(50,'2019-09-11 00:00:00','16:23:00',10.47,89.12,'Energetic Race','Casual','Jog','It went fantastic!','Everyone',212),(51,'2019-09-16 00:00:00','18:21:00',19.89,155.29,'Amusing Race','Training','Run','It went well.','Everyone',238),(52,'2019-09-14 00:00:00','22:53:00',15.38,66.87,'Dreamy Race','Casual','Run','It went fantastic!','Everyone',279),(53,'2019-09-24 00:00:00','19:08:00',18.19,109.69,'Dreamy Race','Casual','Jog','It went fantastic.','Only Me',144),(54,'2019-09-10 00:00:00','1:11:00',14.84,106.39,'Energetic Scurry','Training','Run','It went perfect!','Only Me',249),(55,'2019-09-29 00:00:00','23:57:00',0.13,1.47,'Energetic Gallop','Casual','Run','It went great!','Followers Only',216),(56,'2019-09-15 00:00:00','9:05:00',14.65,123.16,'Dreamy Race','Training','Jog','It went fantastic.','Everyone',276),(57,'2019-09-12 00:00:00','8:44:00',12.61,110.14,'Dreamy Scamper','Casual','Run','It went fantastic.','Only Me',274),(58,'2019-09-17 00:00:00','14:21:00',17.19,70.93,'Dreamy Scamper','Casual','Jog','It went fantastic.','Everyone',94),(59,'2019-09-27 00:00:00','13:45:00',12.71,52.38,'Energetic Race','Training','Run','It went fantastic!','Only Me',272),(60,'2019-09-17 00:00:00','17:22:00',20.22,166.33,'Dreamy Scamper','Training','Jog','It went fantastic!','Followers Only',195),(61,'2019-09-09 00:00:00','6:54:00',5.71,36.94,'Dreamy Race','Training','Jog','It went fantastic!','Only Me',290),(62,'2019-09-05 00:00:00','23:33:00',7.21,71.81,'Energetic Race','Training','Run','It went fantastic.','Followers Only',205),(63,'2019-09-05 00:00:00','11:11:00',3.08,26.7,'Calm Race','Training','Jog','It went fantastic.','Only Me',57),(64,'2019-10-01 00:00:00','1:24:00',7.11,43.98,'Energetic Race','Training','Run','It went perfect.','Followers Only',267),(65,'2019-09-05 00:00:00','21:05:00',9.65,50.59,'Blissful Race','Training','Run','It went perfect.','Followers Only',288),(66,'2019-09-14 00:00:00','18:57:00',12.96,43.07,'Energetic Scamper','Casual','Run','It went fantastic.','Only Me',270),(67,'2019-09-08 00:00:00','11:19:00',15.15,85.8,'Energetic Race','Training','Run','It went perfect.','Followers Only',184),(68,'2019-09-16 00:00:00','5:48:00',5.34,34.99,'Energetic Scamper','Casual','Run','It went perfect!','Followers Only',146),(69,'2019-09-07 00:00:00','3:57:00',10.92,67.97,'Cheerful Race','Training','Run','It went fantastic.','Only Me',111),(70,'2019-09-14 00:00:00','0:13:00',3.72,29.31,'Energetic Race','Training','Jog','It went well!','Followers Only',202),(71,'2019-09-04 00:00:00','17:08:00',13.67,58.12,'Dreamy Race','Training','Run','It went fantastic.','Followers Only',147),(72,'2019-09-25 00:00:00','13:01:00',17.6,123.56,'Cheerful Scamper','Training','Run','It went amazing!','Only Me',171),(73,'2019-09-14 00:00:00','5:26:00',1.43,25.93,'Cheerful Scurry','Training','Run','It went perfect!','Everyone',91),(74,'2019-09-23 00:00:00','1:13:00',20.23,95.86,'Energetic Race','Casual','Run','It went fantastic!','Only Me',284),(75,'2019-09-28 00:00:00','23:50:00',12.39,111.27,'Energetic Race','Training','Jog','It went great!','Everyone',120),(76,'2019-09-12 00:00:00','3:32:00',1.08,24.77,'Blissful Scurry','Training','Run','It went fantastic.','Followers Only',275),(77,'2019-09-19 00:00:00','21:56:00',3.29,26.88,'Dreamy Gallop','Training','Run','It went perfect!','Followers Only',175),(78,'2019-09-16 00:00:00','5:34:00',5.37,35.87,'Amusing Scurry','Training','Run','It went fantastic.','Followers Only',266),(79,'2019-09-25 00:00:00','21:29:00',17.49,113.43,'Energetic Race','Casual','Jog','It went fantastic.','Only Me',106),(80,'2019-09-03 00:00:00','1:54:00',10.79,83.38,'Energetic Scamper','Training','Run','It went perfect.','Followers Only',250),(81,'2019-09-19 00:00:00','4:06:00',2.51,9.15,'Amusing Race','Training','Jog','It went perfect.','Followers Only',114),(82,'2019-09-01 00:00:00','8:18:00',15.62,109.91,'Calm Race','Casual','Jog','It went fantastic.','Everyone',289),(83,'2019-09-19 00:00:00','17:01:00',6.15,34.88,'Cheerful Scamper','Training','Run','It went fantastic.','Everyone',31),(84,'2019-09-29 00:00:00','21:29:00',4.01,25.93,'Cheerful Scamper','Training','Jog','It went fantastic.','Everyone',135),(85,'2019-09-16 00:00:00','13:50:00',20.74,70.44,'Energetic Race','Casual','Jog','It went fantastic.','Followers Only',148),(86,'2019-09-24 00:00:00','1:16:00',7.92,24.39,'Depressed Sprint','Casual','Run','It went great.','Followers Only',202),(87,'2019-10-01 00:00:00','21:53:00',14.96,130.31,'Dreamy Race','Training','Run','It went great.','Only Me',24),(88,'2019-09-17 00:00:00','16:51:00',16.61,125.77,'Dreamy Race','Casual','Run','It went fantastic.','Followers Only',100),(89,'2019-09-28 00:00:00','8:35:00',13.63,70.8,'Dreamy Race','Casual','Run','It went bad.','Followers Only',190),(90,'2019-09-25 00:00:00','8:31:00',4.45,26.76,'Dreamy Race','Training','Jog','It went fantastic.','Everyone',145),(91,'2019-09-18 00:00:00','15:38:00',8.94,45.49,'Cheerful Scurry','Training','Run','It went fantastic.','Followers Only',226),(92,'2019-09-23 00:00:00','7:35:00',15.98,116.46,'Energetic Scurry','Training','Jog','It went bad.','Only Me',203),(93,'2019-09-06 00:00:00','13:31:00',9.61,53.43,'Energetic Scamper','Training','Jog','It went fantastic.','Followers Only',164),(94,'2019-09-26 00:00:00','21:07:00',18.44,65.61,'Blissful Race','Training','Run','It went fantastic!','Only Me',97),(95,'2019-09-21 00:00:00','12:11:00',2.47,31.39,'Calm Scamper','Training','Jog','It went perfect.','Followers Only',140),(96,'2019-09-25 00:00:00','0:24:00',6.26,34.35,'Energetic Race','Casual','Run','It went great!','Followers Only',160),(97,'2019-09-13 00:00:00','17:35:00',20.74,121.55,'Energetic Gallop','Casual','Run','It went fantastic.','Everyone',199),(98,'2019-09-14 00:00:00','11:15:00',7.29,42.11,'Cheerful Race','Training','Jog','It went fantastic.','Followers Only',277),(99,'2019-09-05 00:00:00','10:11:00',20.37,108.26,'Calm Race','Training','Jog','It went fantastic.','Only Me',11),(100,'2019-09-29 00:00:00','22:52:00',17.11,62.87,'Dreamy Gallop','Training','Jog','It went well.','Only Me',41),(101,'2019-09-12 00:00:00','14:08:00',7.91,66.03,'Energetic Race','Training','Jog','It went fantastic!','Followers Only',115),(102,'2019-09-01 00:00:00','17:47:00',1.46,22.67,'Energetic Scamper','Casual','Run','It went amazing.','Everyone',86),(103,'2019-09-04 00:00:00','5:20:00',7.42,36.94,'Dreamy Gallop','Casual','Jog','It went amazing!','Only Me',156),(104,'2019-10-01 00:00:00','10:09:00',19.94,137.24,'Cheerful Journey','Casual','Run','It went fantastic.','Followers Only',89),(105,'2019-09-08 00:00:00','2:37:00',14.92,99.66,'Cheerful Scamper','Casual','Jog','It went fantastic.','Followers Only',141),(106,'2019-09-22 00:00:00','1:22:00',3.84,37.28,'Happy Scamper','Casual','Jog','It went fantastic!','Only Me',46),(107,'2019-09-01 00:00:00','6:43:00',6.96,52.75,'Cheerful Scamper','Casual','Jog','It went perfect.','Only Me',216),(108,'2019-09-02 00:00:00','7:08:00',10.59,68.92,'Dreamy Race','Casual','Run','It went fantastic.','Everyone',170),(109,'2019-09-14 00:00:00','19:16:00',6.35,47.11,'Dreamy Scamper','Casual','Jog','It went amazing!','Followers Only',52),(110,'2019-09-18 00:00:00','20:45:00',8.28,37,'Dreamy Sprint','Casual','Run','It went perfect!','Only Me',267),(111,'2019-09-27 00:00:00','18:36:00',4.14,22,'Amusing Scamper','Casual','Jog','It went fantastic!','Everyone',35),(112,'2019-09-27 00:00:00','4:32:00',17.35,67.43,'Blissful Scamper','Training','Run','It went amazing.','Followers Only',43),(113,'2019-09-24 00:00:00','17:05:00',10.4,56.99,'Cheerful Race','Training','Jog','It went amazing!','Followers Only',161),(114,'2019-09-24 00:00:00','3:44:00',15.54,57.03,'Dreamy Gallop','Casual','Jog','It went fantastic.','Everyone',179),(115,'2019-09-30 00:00:00','4:53:00',9.49,58.1,'Energetic Scamper','Training','Run','It went fantastic!','Everyone',206),(116,'2019-09-08 00:00:00','15:47:00',19.28,151.78,'Energetic Scamper','Training','Jog','It went perfect!','Only Me',103),(117,'2019-09-17 00:00:00','9:51:00',2.79,34.47,'Calm Scurry','Casual','Jog','It went fantastic!','Only Me',282),(118,'2019-09-08 00:00:00','15:10:00',15.38,109.79,'Energetic Gallop','Casual','Jog','It went fantastic!','Everyone',19),(119,'2019-09-15 00:00:00','17:12:00',16.63,92.16,'Energetic Scamper','Training','Run','It went amazing.','Only Me',251),(120,'2019-09-12 00:00:00','3:40:00',1.6,15.79,'Calm Scamper','Casual','Jog','It went perfect.','Everyone',149),(121,'2019-09-14 00:00:00','7:48:00',11.92,71.63,'Cheerful Race','Casual','Jog','It went perfect.','Only Me',27),(122,'2019-09-23 00:00:00','7:18:00',5.23,33.85,'Dreamy Race','Training','Jog','It went perfect!','Only Me',135),(123,'2019-09-20 00:00:00','11:25:00',12.73,92.42,'Dreamy Scamper','Casual','Run','It went fantastic!','Everyone',66),(124,'2019-09-14 00:00:00','8:14:00',19.34,68.75,'Dreamy Race','Training','Run','It went okay!','Followers Only',184),(125,'2019-09-27 00:00:00','15:59:00',17.74,112.59,'Energetic Race','Casual','Jog','It went fantastic!','Only Me',84),(126,'2019-09-13 00:00:00','3:46:00',5.62,46.88,'Amusing Race','Casual','Run','It went fantastic!','Followers Only',127),(127,'2019-09-20 00:00:00','4:02:00',8.45,71.64,'Energetic Scurry','Casual','Jog','It went fantastic.','Only Me',215),(128,'2019-09-20 00:00:00','19:27:00',19.78,153.17,'Energetic Race','Casual','Jog','It went perfect!','Everyone',74),(129,'2019-09-02 00:00:00','11:04:00',11.97,70.08,'Energetic Race','Training','Jog','It went fantastic.','Followers Only',149),(130,'2019-09-03 00:00:00','15:15:00',6.56,52.88,'Energetic Race','Casual','Run','It went fantastic!','Followers Only',68),(131,'2019-09-30 00:00:00','5:30:00',12.43,71.67,'Dreamy Scurry','Training','Run','It went okay!','Everyone',204),(132,'2019-09-06 00:00:00','18:20:00',2.89,28.79,'Energetic Scurry','Training','Jog','It went well!','Only Me',73),(133,'2019-09-12 00:00:00','11:55:00',19.81,151.35,'Dreamy Scurry','Casual','Run','It went amazing.','Followers Only',288),(134,'2019-09-28 00:00:00','7:26:00',5.39,16.45,'Energetic Gallop','Casual','Jog','It went amazing!','Only Me',106),(135,'2019-09-23 00:00:00','20:14:00',12.61,56.36,'Cheerful Race','Casual','Jog','It went perfect.','Everyone',251),(136,'2019-09-18 00:00:00','20:19:00',17.97,141.72,'Dreamy Scamper','Casual','Run','It went fantastic.','Everyone',49),(137,'2019-09-28 00:00:00','7:12:00',2.38,21.42,'Dreamy Race','Casual','Run','It went fantastic.','Only Me',3),(138,'2019-09-19 00:00:00','5:31:00',3.41,21.68,'Energetic Scurry','Casual','Run','It went amazing.','Everyone',45),(139,'2019-09-22 00:00:00','0:10:00',6.24,47.99,'Energetic Race','Casual','Jog','It went perfect.','Only Me',27),(140,'2019-09-26 00:00:00','7:36:00',8.38,52.69,'Dreamy Scamper','Casual','Jog','It went great!','Only Me',14),(141,'2019-09-24 00:00:00','23:05:00',12.32,43.8,'Energetic Scamper','Training','Run','It went amazing!','Followers Only',21),(142,'2019-09-30 00:00:00','23:34:00',8.33,54.69,'Dreamy Scamper','Training','Run','It went fantastic.','Only Me',165),(143,'2019-09-04 00:00:00','8:39:00',0.9,20.36,'Energetic Gallop','Casual','Jog','It went perfect!','Followers Only',264),(144,'2019-09-10 00:00:00','7:29:00',10.66,46.8,'Cheerful Scamper','Casual','Run','It went fantastic!','Everyone',130),(145,'2019-09-30 00:00:00','12:48:00',8.79,52.47,'Dreamy Scurry','Training','Run','It went fantastic!','Only Me',252),(146,'2019-09-22 00:00:00','21:49:00',15.93,56.48,'Dreamy Scamper','Casual','Run','It went great!','Everyone',47),(147,'2019-10-01 00:00:00','7:33:00',9.67,38.54,'Energetic Race','Training','Run','It went perfect!','Followers Only',46),(148,'2019-09-13 00:00:00','14:45:00',6.52,59.63,'Dreamy Scamper','Casual','Jog','It went perfect.','Only Me',240),(149,'2019-09-27 00:00:00','22:38:00',2.95,26.35,'Energetic Gallop','Training','Run','It went fantastic!','Only Me',142),(150,'2019-09-14 00:00:00','4:41:00',8.47,74.35,'Energetic Sprint','Training','Jog','It went perfect.','Only Me',167),(151,'2019-09-09 00:00:00','4:33:00',8.56,27.34,'Cheerful Race','Casual','Jog','It went fantastic!','Followers Only',102),(152,'2019-09-06 00:00:00','7:58:00',6.14,48.61,'Cheerful Scamper','Casual','Run','It went fantastic.','Everyone',54),(153,'2019-10-01 00:00:00','7:50:00',1.2,21.47,'Energetic Gallop','Casual','Jog','It went well.','Everyone',21),(154,'2019-09-24 00:00:00','3:58:00',1.83,6.79,'Energetic Gallop','Casual','Jog','It went fantastic.','Only Me',235),(155,'2019-09-15 00:00:00','5:32:00',12.05,76.35,'Dreamy Scamper','Training','Run','It went perfect.','Everyone',46),(156,'2019-09-20 00:00:00','1:04:00',12.28,56.66,'Energetic Race','Casual','Jog','It went fantastic.','Only Me',143),(157,'2019-09-13 00:00:00','20:22:00',3.81,21.14,'Energetic Race','Training','Run','It went perfect!','Only Me',38),(158,'2019-09-21 00:00:00','6:23:00',8.08,39.61,'Energetic Gallop','Casual','Run','It went amazing!','Followers Only',211),(159,'2019-09-05 00:00:00','23:02:00',16.41,90.62,'Dreamy Scurry','Casual','Run','It went fantastic!','Only Me',228),(160,'2019-09-26 00:00:00','22:00:00',18.04,139.18,'Dreamy Scamper','Training','Run','It went fantastic.','Followers Only',37),(161,'2019-09-02 00:00:00','3:49:00',1.98,19.84,'Energetic Race','Casual','Run','It went fantastic.','Followers Only',180),(162,'2019-09-12 00:00:00','19:49:00',9.39,42.16,'Energetic Race','Casual','Run','It went fantastic.','Everyone',23),(163,'2019-10-01 00:00:00','7:02:00',17.25,70.63,'Dreamy Gallop','Training','Run','It went fantastic.','Followers Only',269),(164,'2019-09-11 00:00:00','8:48:00',14.84,139.22,'Cheerful Scamper','Training','Jog','It went fantastic!','Only Me',226),(165,'2019-09-19 00:00:00','21:56:00',10.65,45.41,'Energetic Scamper','Training','Run','It went fantastic!','Everyone',81),(166,'2019-09-21 00:00:00','23:22:00',16.38,111.49,'Energetic Scamper','Training','Run','It went perfect.','Followers Only',247),(167,'2019-09-16 00:00:00','9:39:00',7.15,72.41,'Cheerful Scamper','Training','Jog','It went fantastic.','Followers Only',277),(168,'2019-09-27 00:00:00','10:31:00',5.01,38.44,'Energetic Race','Casual','Jog','It went fantastic.','Only Me',146),(169,'2019-09-02 00:00:00','18:51:00',4.74,51.15,'Blissful Race','Training','Jog','It went fantastic!','Followers Only',215),(170,'2019-09-13 00:00:00','22:25:00',14.76,85.45,'Dreamy Scamper','Training','Jog','It went great!','Followers Only',18),(171,'2019-09-11 00:00:00','20:36:00',1.17,20.99,'Dreamy Race','Casual','Run','It went perfect.','Everyone',120),(172,'2019-09-29 00:00:00','23:08:00',13.93,99.87,'Chill Scurry','Casual','Run','It went fantastic!','Followers Only',176),(173,'2019-09-18 00:00:00','16:40:00',7.21,67.35,'Cheerful Race','Casual','Jog','It went fantastic.','Followers Only',112),(174,'2019-09-21 00:00:00','9:11:00',0.18,15.73,'Energetic Scamper','Training','Jog','It went great.','Followers Only',241),(175,'2019-09-19 00:00:00','17:46:00',16.67,124.67,'Dreamy Race','Casual','Jog','It went fantastic.','Only Me',127),(176,'2019-09-16 00:00:00','14:03:00',11.88,62.88,'Dreamy Race','Casual','Jog','It went fantastic.','Everyone',97),(177,'2019-09-20 00:00:00','19:00:00',20.37,73.5,'Calm Gallop','Training','Run','It went okay!','Followers Only',255),(178,'2019-09-10 00:00:00','2:08:00',17.99,103.75,'Energetic Scamper','Casual','Jog','It went fantastic.','Everyone',24),(179,'2019-09-16 00:00:00','2:46:00',16.24,132.1,'Blissful Scurry','Training','Run','It went great.','Followers Only',269),(180,'2019-09-06 00:00:00','15:29:00',4.53,29.93,'Energetic Race','Casual','Jog','It went fantastic!','Followers Only',36),(181,'2019-09-13 00:00:00','19:20:00',16.58,123.79,'Cheerful Scamper','Casual','Jog','It went amazing.','Everyone',278),(182,'2019-09-08 00:00:00','1:35:00',10.54,93.73,'Calm Race','Casual','Jog','It went fantastic.','Everyone',25),(183,'2019-09-25 00:00:00','12:59:00',13.23,63.21,'Cheerful Race','Training','Jog','It went perfect!','Followers Only',103),(184,'2019-09-20 00:00:00','6:47:00',3.78,42.15,'Dreamy Scamper','Training','Run','It went amazing!','Only Me',237),(185,'2019-09-25 00:00:00','9:10:00',4.58,25.88,'Energetic Scamper','Training','Jog','It went perfect!','Followers Only',216),(186,'2019-09-25 00:00:00','6:43:00',13.86,92.92,'Calm Scurry','Training','Run','It went fantastic.','Everyone',162),(187,'2019-09-06 00:00:00','5:05:00',7.85,51.62,'Amusing Race','Casual','Run','It went fantastic!','Followers Only',290),(188,'2019-09-19 00:00:00','10:59:00',0.22,15.72,'Cheerful Scamper','Casual','Jog','It went perfect.','Followers Only',268),(189,'2019-09-14 00:00:00','12:58:00',10.74,63.62,'Dreamy Scamper','Casual','Run','It went fantastic!','Followers Only',195),(190,'2019-09-04 00:00:00','14:34:00',11.64,99.56,'Energetic Race','Training','Jog','It went amazing.','Followers Only',84),(191,'2019-09-05 00:00:00','19:04:00',19.01,88.65,'Energetic Sprint','Training','Run','It went fantastic.','Everyone',49),(192,'2019-09-08 00:00:00','7:58:00',2.44,31.31,'Energetic Race','Casual','Jog','It went perfect!','Only Me',140),(193,'2019-09-15 00:00:00','8:05:00',19.94,154.65,'Dreamy Race','Casual','Run','It went perfect!','Followers Only',274),(194,'2019-09-27 00:00:00','9:06:00',19.19,151.6,'Dreamy Scurry','Casual','Jog','It went fantastic!','Everyone',5),(195,'2019-09-24 00:00:00','3:43:00',19.92,148.63,'Dreamy Scamper','Casual','Run','It went perfect!','Everyone',3),(196,'2019-09-12 00:00:00','0:41:00',9.8,71.61,'Dreamy Race','Casual','Jog','It went fantastic!','Only Me',11),(197,'2019-10-01 00:00:00','1:12:00',7.33,37.42,'Energetic Scamper','Training','Jog','It went amazing!','Only Me',64),(198,'2019-09-24 00:00:00','22:39:00',20.38,95.77,'Energetic Scamper','Training','Run','It went fantastic!','Only Me',205),(199,'2019-09-23 00:00:00','13:30:00',1.27,7.35,'Energetic Race','Training','Run','It went amazing!','Followers Only',286),(200,'2019-09-09 00:00:00','6:16:00',5.23,56.39,'Energetic Scamper','Casual','Jog','It went great.','Only Me',90),(201,'2019-09-06 00:00:00','17:36:00',15.2,81.65,'Energetic Gallop','Training','Run','It went fantastic!','Everyone',238),(202,'2019-09-04 00:00:00','10:06:00',14.1,118.3,'Blissful Sprint','Casual','Run','It went fantastic!','Followers Only',190),(203,'2019-09-11 00:00:00','2:52:00',11.33,93.65,'Dreamy Journey','Training','Jog','It went fantastic!','Everyone',67),(204,'2019-09-14 00:00:00','14:50:00',16.44,93.22,'Energetic Scurry','Casual','Jog','It went fantastic!','Only Me',234),(205,'2019-09-03 00:00:00','21:20:00',11.85,88.58,'Energetic Race','Casual','Jog','It went fantastic!','Followers Only',127),(206,'2019-09-12 00:00:00','5:53:00',20.81,174.34,'Dreamy Scamper','Casual','Run','It went fantastic.','Everyone',82),(207,'2019-09-19 00:00:00','10:03:00',6.95,33.08,'Energetic Race','Casual','Run','It went perfect.','Followers Only',8),(208,'2019-09-11 00:00:00','8:06:00',0.86,18.02,'Energetic Race','Training','Jog','It went great.','Only Me',257),(209,'2019-09-05 00:00:00','1:52:00',18.94,85.16,'Energetic Race','Casual','Jog','It went fantastic!','Only Me',243),(210,'2019-10-01 00:00:00','22:49:00',5.55,57.16,'Energetic Scamper','Training','Jog','It went perfect.','Followers Only',176),(211,'2019-10-01 00:00:00','1:59:00',2,14.62,'Dreamy Scamper','Training','Jog','It went perfect.','Followers Only',94),(212,'2019-09-03 00:00:00','16:31:00',4.67,37.62,'Energetic Race','Training','Jog','It went fantastic!','Everyone',246),(213,'2019-09-06 00:00:00','13:56:00',14.42,73.48,'Dreamy Race','Training','Run','It went great.','Only Me',278),(214,'2019-10-01 00:00:00','9:50:00',5.09,46.52,'Energetic Scurry','Training','Jog','It went fantastic!','Followers Only',178),(215,'2019-09-14 00:00:00','17:25:00',14.08,70.49,'Dreamy Race','Casual','Run','It went fantastic!','Everyone',291),(216,'2019-09-25 00:00:00','20:00:00',5.77,39.74,'Energetic Race','Casual','Run','It went perfect.','Followers Only',30),(217,'2019-09-19 00:00:00','13:24:00',5.32,38.33,'Calm Race','Casual','Run','It went amazing.','Only Me',198),(218,'2019-09-11 00:00:00','10:02:00',20.04,60.04,'Cheerful Scamper','Training','Jog','It went amazing.','Followers Only',300),(219,'2019-09-18 00:00:00','12:49:00',12.9,102.42,'Dreamy Race','Training','Run','It went fantastic.','Only Me',187),(220,'2019-09-25 00:00:00','23:57:00',14.42,101.02,'Calm Scurry','Training','Jog','It went fantastic!','Everyone',104),(221,'2019-09-16 00:00:00','6:42:00',13.99,81.23,'Energetic Race','Casual','Jog','It went fantastic.','Only Me',78),(222,'2019-09-29 00:00:00','7:02:00',7.23,40.86,'Energetic Race','Casual','Jog','It went fantastic!','Followers Only',61),(223,'2019-09-14 00:00:00','6:24:00',13.73,64.13,'Energetic Race','Training','Run','It went amazing!','Everyone',168),(224,'2019-09-29 00:00:00','0:12:00',19.83,156.1,'Energetic Gallop','Casual','Jog','It went amazing.','Only Me',155),(225,'2019-09-09 00:00:00','0:56:00',2.68,34.67,'Energetic Race','Casual','Run','It went amazing!','Only Me',13),(226,'2019-09-04 00:00:00','3:27:00',15.53,84.81,'Energetic Scamper','Casual','Run','It went fantastic.','Everyone',96),(227,'2019-09-14 00:00:00','1:51:00',7.43,19.34,'Calm Race','Casual','Jog','It went perfect.','Everyone',120),(228,'2019-09-22 00:00:00','17:26:00',19.23,160.55,'Energetic Race','Casual','Jog','It went fantastic.','Only Me',178),(229,'2019-09-28 00:00:00','19:52:00',15.35,63.42,'Energetic Race','Casual','Jog','It went amazing.','Everyone',67),(230,'2019-09-08 00:00:00','17:55:00',18.35,61.96,'Energetic Scamper','Training','Jog','It went fantastic.','Everyone',105),(231,'2019-09-16 00:00:00','4:30:00',0.86,21.67,'Energetic Scamper','Training','Jog','It went fantastic.','Only Me',185),(232,'2019-09-28 00:00:00','15:34:00',11.18,85.2,'Energetic Scurry','Training','Jog','It went fantastic.','Everyone',42),(233,'2019-09-19 00:00:00','4:35:00',4.25,39.36,'Dreamy Race','Training','Jog','It went amazing.','Everyone',24),(234,'2019-09-08 00:00:00','8:51:00',10.36,40.35,'Energetic Race','Training','Run','It went amazing!','Only Me',126),(235,'2019-10-01 00:00:00','12:07:00',18.88,163.13,'Cheerful Scamper','Training','Run','It went perfect.','Everyone',23),(236,'2019-09-10 00:00:00','20:38:00',5.92,41.89,'Energetic Race','Training','Run','It went amazing!','Followers Only',297),(237,'2019-09-28 00:00:00','14:44:00',12.22,86.87,'Cheerful Race','Casual','Jog','It went fantastic.','Only Me',111),(238,'2019-09-11 00:00:00','6:15:00',19.38,110.37,'Calm Race','Training','Run','It went fantastic!','Only Me',179),(239,'2019-09-18 00:00:00','3:38:00',10.08,56.69,'Dreamy Scamper','Casual','Jog','It went fantastic.','Only Me',98),(240,'2019-09-14 00:00:00','5:00:00',10.78,98.02,'Energetic Scurry','Casual','Jog','It went fantastic.','Everyone',166),(241,'2019-09-07 00:00:00','19:02:00',4.82,37.17,'Energetic Race','Casual','Jog','It went amazing!','Followers Only',72),(242,'2019-09-27 00:00:00','12:57:00',19.63,94.34,'Dreamy Dash','Training','Jog','It went amazing!','Everyone',260),(243,'2019-09-14 00:00:00','23:17:00',12.29,61.47,'Energetic Scamper','Casual','Run','It went fantastic!','Only Me',9),(244,'2019-09-14 00:00:00','4:15:00',13.02,111.67,'Calm Scamper','Training','Jog','It went great.','Everyone',70),(245,'2019-09-04 00:00:00','15:33:00',0.78,9.05,'Energetic Scamper','Training','Jog','It went fantastic.','Followers Only',129),(246,'2019-09-02 00:00:00','2:57:00',17.28,103.77,'Calm Race','Casual','Run','It went fantastic.','Followers Only',275),(247,'2019-09-02 00:00:00','18:48:00',20.51,130.46,'Energetic Journey','Training','Run','It went amazing!','Followers Only',206),(248,'2019-09-16 00:00:00','20:02:00',6.43,35.09,'Cheerful Gallop','Training','Run','It went fantastic.','Followers Only',157),(249,'2019-09-14 00:00:00','18:38:00',8.71,56.75,'Energetic Gallop','Casual','Run','It went perfect!','Followers Only',220),(250,'2019-09-30 00:00:00','0:27:00',16.56,112.46,'Energetic Race','Training','Jog','It went fantastic!','Followers Only',266),(251,'2019-09-25 00:00:00','3:25:00',2.56,25.88,'Energetic Race','Training','Run','It went fantastic!','Followers Only',242),(252,'2019-09-20 00:00:00','6:31:00',18.98,117.44,'Dreamy Race','Training','Jog','It went perfect.','Followers Only',102),(253,'2019-09-07 00:00:00','10:17:00',19.25,134.28,'Energetic Scamper','Training','Jog','It went bad!','Everyone',178),(254,'2019-09-29 00:00:00','17:23:00',20.37,176.32,'Cheerful Race','Training','Jog','It went fantastic.','Everyone',296),(255,'2019-09-25 00:00:00','21:31:00',1.96,17.52,'Energetic Race','Casual','Jog','It went perfect.','Followers Only',281),(256,'2019-09-09 00:00:00','12:34:00',15.78,137.38,'Energetic Scamper','Casual','Run','It went amazing!','Everyone',191),(257,'2019-09-22 00:00:00','13:38:00',3.73,30.22,'Dreamy Race','Casual','Run','It went fantastic.','Only Me',242),(258,'2019-09-14 00:00:00','12:29:00',12.72,122.44,'Calm Gallop','Training','Jog','It went fantastic!','Followers Only',48),(259,'2019-09-06 00:00:00','23:14:00',2.32,7.76,'Dreamy Race','Casual','Run','It went perfect!','Everyone',129),(260,'2019-09-30 00:00:00','13:58:00',13.54,67.78,'Dreamy Scamper','Training','Jog','It went well.','Only Me',230),(261,'2019-09-29 00:00:00','17:21:00',20.29,129.22,'Energetic Scamper','Training','Run','It went great!','Followers Only',199),(262,'2019-09-28 00:00:00','9:47:00',6.53,36.41,'Dreamy Race','Casual','Run','It went perfect.','Only Me',144),(263,'2019-09-14 00:00:00','10:41:00',19.76,155.63,'Energetic Race','Training','Run','It went perfect.','Only Me',149),(264,'2019-09-29 00:00:00','9:19:00',9.36,47.17,'Dreamy Race','Training','Jog','It went perfect!','Only Me',147),(265,'2019-09-15 00:00:00','6:45:00',10,76.92,'Energetic Gallop','Casual','Run','It went fantastic.','Followers Only',89),(266,'2019-09-04 00:00:00','4:29:00',18.24,112.82,'Cheerful Race','Training','Jog','It went fantastic!','Followers Only',35),(267,'2019-09-16 00:00:00','17:32:00',7.51,64.05,'Dreamy Race','Casual','Jog','It went amazing.','Followers Only',132),(268,'2019-09-30 00:00:00','17:59:00',17.76,99.95,'Energetic Scurry','Casual','Run','It went fantastic!','Only Me',29),(269,'2019-10-01 00:00:00','14:19:00',8.58,70.07,'Energetic Race','Training','Jog','It went amazing!','Only Me',9),(270,'2019-09-04 00:00:00','18:17:00',13.47,71.34,'Energetic Sprint','Casual','Run','It went perfect.','Only Me',221),(271,'2019-09-28 00:00:00','7:47:00',19.01,143.45,'Dreamy Race','Casual','Run','It went well.','Followers Only',11),(272,'2019-09-09 00:00:00','9:07:00',0.61,16.35,'Chill Race','Casual','Jog','It went perfect.','Followers Only',256),(273,'2019-09-25 00:00:00','8:05:00',3.31,31.17,'Calm Scurry','Training','Jog','It went amazing!','Everyone',300),(274,'2019-09-04 00:00:00','13:23:00',9.74,70.64,'Energetic Scamper','Training','Jog','It went fantastic!','Followers Only',215),(275,'2019-09-19 00:00:00','10:27:00',19.67,94.45,'Dreamy Race','Casual','Jog','It went amazing.','Everyone',61),(276,'2019-09-20 00:00:00','19:48:00',15.09,73.31,'Energetic Gallop','Training','Jog','It went fantastic.','Only Me',236),(277,'2019-09-15 00:00:00','2:01:00',7.17,36.05,'Dreamy Scurry','Casual','Jog','It went perfect.','Everyone',166),(278,'2019-10-01 00:00:00','9:37:00',20.32,89.58,'Blissful Gallop','Training','Jog','It went perfect!','Followers Only',269),(279,'2019-09-25 00:00:00','23:54:00',4.64,27.14,'Energetic Scamper','Casual','Jog','It went fantastic.','Everyone',4),(280,'2019-09-07 00:00:00','0:57:00',1.93,16.45,'Energetic Race','Casual','Jog','It went perfect!','Only Me',188),(281,'2019-09-03 00:00:00','0:17:00',7.13,38.48,'Energetic Gallop','Training','Jog','It went fantastic.','Only Me',219),(282,'2019-09-30 00:00:00','6:36:00',11.11,93.84,'Dreamy Race','Casual','Jog','It went perfect!','Followers Only',248),(283,'2019-09-09 00:00:00','5:00:00',13.79,111.4,'Dreamy Scamper','Training','Run','It went amazing!','Everyone',252),(284,'2019-09-29 00:00:00','4:02:00',5.73,33.4,'Energetic Race','Casual','Run','It went perfect!','Everyone',32),(285,'2019-09-14 00:00:00','16:10:00',12.12,42.96,'Amusing Gallop','Casual','Run','It went perfect!','Followers Only',87),(286,'2019-09-27 00:00:00','1:59:00',4.22,25.62,'Energetic Race','Casual','Jog','It went great.','Everyone',18),(287,'2019-09-21 00:00:00','5:48:00',10,61.76,'Energetic Scamper','Casual','Run','It went well!','Only Me',181),(288,'2019-09-21 00:00:00','19:53:00',1.83,24.71,'Energetic Race','Training','Run','It went amazing.','Only Me',160),(289,'2019-09-14 00:00:00','11:37:00',0.56,22.41,'Calm Scurry','Training','Jog','It went fantastic!','Only Me',244),(290,'2019-09-22 00:00:00','5:00:00',19.23,99.61,'Dreamy Race','Training','Run','It went amazing!','Followers Only',133),(291,'2019-09-19 00:00:00','13:22:00',9.22,39.38,'Energetic Race','Casual','Jog','It went amazing.','Followers Only',123),(292,'2019-09-15 00:00:00','16:04:00',14.35,101.33,'Energetic Scurry','Training','Run','It went amazing.','Followers Only',26),(293,'2019-09-05 00:00:00','6:53:00',1.74,12.17,'Energetic Race','Training','Run','It went amazing.','Followers Only',136),(294,'2019-09-19 00:00:00','3:29:00',0.64,12.97,'Cheerful Scamper','Casual','Jog','It went perfect!','Everyone',31),(295,'2019-09-17 00:00:00','13:51:00',6.88,64.96,'Energetic Gallop','Casual','Run','It went great.','Followers Only',157),(296,'2019-09-10 00:00:00','23:35:00',2.41,33.13,'Dreamy Race','Casual','Run','It went fantastic.','Followers Only',235),(297,'2019-09-13 00:00:00','11:14:00',0.57,20.82,'Energetic Race','Casual','Jog','It went fantastic.','Only Me',44),(298,'2019-09-17 00:00:00','6:13:00',3.35,37.78,'Dreamy Race','Casual','Run','It went amazing!','Followers Only',121),(299,'2019-09-30 00:00:00','2:05:00',19.45,149.46,'Dreamy Scurry','Training','Jog','It went well.','Everyone',188),(300,'2019-10-01 00:00:00','14:36:00',2.59,22.65,'Energetic Race','Training','Run','It went fantastic.','Everyone',238),(301,'2019-09-18 00:00:00','0:17:00',15.8,93.12,'Energetic Scamper','Casual','Run','It went well.','Everyone',12),(302,'2019-09-04 00:00:00','20:00:00',7.07,62.46,'Energetic Race','Casual','Run','It went fantastic!','Only Me',28),(303,'2019-09-16 00:00:00','10:44:00',11.97,105.54,'Energetic Sprint','Casual','Run','It went fantastic!','Followers Only',73),(304,'2019-09-10 00:00:00','13:35:00',12.92,109.68,'Energetic Scamper','Training','Run','It went perfect!','Only Me',236),(305,'2019-09-03 00:00:00','12:48:00',7.29,40.91,'Energetic Journey','Training','Jog','It went perfect.','Followers Only',231),(306,'2019-09-17 00:00:00','7:36:00',12.92,76.67,'Cheerful Race','Training','Jog','It went fantastic!','Everyone',257),(307,'2019-09-27 00:00:00','2:23:00',1.54,19.5,'Dreamy Scamper','Training','Jog','It went fantastic!','Only Me',43),(308,'2019-09-03 00:00:00','17:45:00',1.54,8.85,'Amusing Race','Training','Run','It went fantastic!','Followers Only',201),(309,'2019-09-11 00:00:00','19:17:00',8.06,49.57,'Cheerful Scamper','Training','Run','It went amazing!','Only Me',153),(310,'2019-09-05 00:00:00','11:48:00',12.29,73.36,'Energetic Race','Training','Run','It went fantastic!','Only Me',248),(311,'2019-09-25 00:00:00','14:34:00',11.72,107.17,'Energetic Scamper','Training','Jog','It went fantastic!','Followers Only',257),(312,'2019-09-22 00:00:00','4:16:00',19.27,97.84,'Dreamy Scamper','Training','Run','It went perfect.','Followers Only',197),(313,'2019-09-20 00:00:00','15:45:00',17.85,102.98,'Depressed Scurry','Training','Run','It went fantastic.','Followers Only',39),(314,'2019-10-01 00:00:00','18:11:00',14.44,54.87,'Energetic Race','Training','Run','It went perfect.','Only Me',199),(315,'2019-09-28 00:00:00','8:31:00',20.5,134.85,'Energetic Race','Training','Jog','It went fantastic.','Everyone',259),(316,'2019-09-30 00:00:00','20:12:00',15.78,125.27,'Energetic Race','Training','Run','It went amazing.','Followers Only',131),(317,'2019-09-20 00:00:00','11:56:00',3.58,13.28,'Energetic Scurry','Casual','Jog','It went fantastic!','Everyone',268),(318,'2019-09-17 00:00:00','19:41:00',11.39,65.4,'Energetic Scamper','Training','Run','It went perfect!','Everyone',80),(319,'2019-09-16 00:00:00','20:37:00',9.19,56.03,'Energetic Scurry','Training','Run','It went amazing.','Followers Only',104),(320,'2019-09-19 00:00:00','14:04:00',2.09,27.9,'Energetic Race','Training','Jog','It went fantastic.','Everyone',138),(321,'2019-09-15 00:00:00','5:58:00',16.54,71.71,'Energetic Scamper','Training','Run','It went fantastic.','Followers Only',77),(322,'2019-09-26 00:00:00','6:00:00',18.8,82.19,'Cheerful Race','Casual','Run','It went bad.','Everyone',215),(323,'2019-09-16 00:00:00','17:51:00',17.61,98.02,'Dreamy Race','Casual','Run','It went amazing.','Followers Only',295),(324,'2019-09-10 00:00:00','7:00:00',8.13,71.67,'Cheerful Race','Casual','Jog','It went perfect.','Only Me',276),(325,'2019-09-17 00:00:00','14:24:00',15.54,114.54,'Energetic Scurry','Training','Jog','It went great.','Everyone',252),(326,'2019-09-14 00:00:00','2:25:00',13.89,86.92,'Cheerful Scamper','Training','Jog','It went fantastic.','Followers Only',8),(327,'2019-09-04 00:00:00','4:32:00',2.29,31.25,'Dreamy Scurry','Casual','Jog','It went fantastic.','Everyone',161),(328,'2019-09-06 00:00:00','17:08:00',15.34,99.15,'Dreamy Scurry','Training','Run','It went perfect.','Everyone',238),(329,'2019-09-19 00:00:00','6:29:00',15.35,59.37,'Dreamy Race','Training','Run','It went perfect.','Only Me',10),(330,'2019-09-10 00:00:00','2:57:00',17.09,51.45,'Cheerful Race','Casual','Jog','It went perfect!','Only Me',204),(331,'2019-09-08 00:00:00','15:48:00',19.8,80.75,'Energetic Scamper','Casual','Jog','It went fantastic.','Followers Only',218),(332,'2019-09-30 00:00:00','7:32:00',1.74,27.84,'Dreamy Race','Training','Run','It went perfect!','Only Me',151),(333,'2019-09-01 00:00:00','21:40:00',8.75,28.62,'Dreamy Scurry','Casual','Jog','It went perfect.','Everyone',230),(334,'2019-09-26 00:00:00','19:28:00',15.48,132.29,'Dreamy Gallop','Training','Run','It went fantastic.','Followers Only',94),(335,'2019-09-21 00:00:00','8:55:00',7.83,81.3,'Energetic Scamper','Casual','Jog','It went perfect.','Only Me',182),(336,'2019-10-01 00:00:00','21:49:00',16.61,56.85,'Energetic Scamper','Training','Jog','It went fantastic.','Only Me',125),(337,'2019-09-15 00:00:00','23:30:00',15.64,70.13,'Energetic Race','Training','Jog','It went fantastic!','Followers Only',158),(338,'2019-10-01 00:00:00','16:55:00',12.81,56.53,'Depressed Gallop','Casual','Jog','It went great.','Only Me',295),(339,'2019-09-27 00:00:00','15:28:00',6.04,35.59,'Calm Gallop','Casual','Jog','It went perfect.','Followers Only',18),(340,'2019-09-29 00:00:00','22:57:00',2.9,24,'Energetic Scamper','Training','Run','It went fantastic!','Everyone',241),(341,'2019-09-01 00:00:00','12:16:00',14.53,41.48,'Blissful Gallop','Casual','Run','It went great.','Only Me',147),(342,'2019-09-18 00:00:00','14:22:00',5.79,44.34,'Cheerful Race','Casual','Jog','It went fantastic!','Only Me',49),(343,'2019-09-11 00:00:00','8:43:00',12.44,116.69,'Energetic Race','Training','Jog','It went perfect!','Followers Only',281),(344,'2019-09-10 00:00:00','22:32:00',10.26,42.04,'Cheerful Gallop','Training','Jog','It went fantastic!','Only Me',70),(345,'2019-09-28 00:00:00','3:51:00',18.22,134.11,'Energetic Race','Casual','Jog','It went fantastic.','Only Me',230),(346,'2019-09-29 00:00:00','15:57:00',12.48,43.68,'Dreamy Race','Casual','Run','It went perfect!','Everyone',262),(347,'2019-09-26 00:00:00','4:38:00',13.28,99.37,'Energetic Race','Casual','Jog','It went fantastic!','Only Me',140),(348,'2019-09-06 00:00:00','20:37:00',3.36,28.33,'Dreamy Scurry','Training','Run','It went fantastic!','Everyone',191),(349,'2019-09-22 00:00:00','10:27:00',11.01,84.74,'Cheerful Scamper','Training','Run','It went fantastic.','Followers Only',6),(350,'2019-09-18 00:00:00','18:37:00',17.24,103.61,'Cheerful Scurry','Training','Run','It went fantastic!','Everyone',173),(351,'2019-09-21 00:00:00','5:17:00',3.68,28.94,'Dreamy Race','Training','Jog','It went amazing.','Followers Only',64),(352,'2019-09-28 00:00:00','11:39:00',14.9,121.56,'Energetic Race','Training','Jog','It went great.','Everyone',234),(353,'2019-09-02 00:00:00','12:13:00',16.37,49.84,'Energetic Race','Training','Jog','It went fantastic!','Everyone',187),(354,'2019-09-12 00:00:00','1:39:00',12.97,81.88,'Energetic Scamper','Training','Jog','It went perfect.','Followers Only',266),(355,'2019-09-17 00:00:00','4:59:00',9.76,59.92,'Energetic Scurry','Training','Jog','It went fantastic!','Followers Only',2),(356,'2019-09-23 00:00:00','14:20:00',15.88,103.74,'Dreamy Race','Training','Run','It went perfect!','Everyone',280),(357,'2019-09-19 00:00:00','3:25:00',2.49,28.57,'Energetic Race','Casual','Jog','It went amazing!','Followers Only',18),(358,'2019-09-07 00:00:00','0:54:00',6.6,50.44,'Calm Race','Casual','Jog','It went fantastic.','Everyone',163),(359,'2019-09-25 00:00:00','6:34:00',8.91,55.99,'Cheerful Race','Training','Run','It went perfect.','Followers Only',147),(360,'2019-09-20 00:00:00','9:45:00',10.27,41.53,'Energetic Race','Training','Jog','It went fantastic.','Everyone',28),(361,'2019-09-14 00:00:00','21:19:00',8.08,55.26,'Energetic Race','Casual','Jog','It went fantastic.','Only Me',25),(362,'2019-09-21 00:00:00','18:42:00',3.49,30.6,'Dreamy Scurry','Training','Jog','It went perfect.','Only Me',273),(363,'2019-09-16 00:00:00','16:23:00',15.66,58.79,'Calm Race','Casual','Jog','It went fantastic!','Followers Only',80),(364,'2019-09-01 00:00:00','15:27:00',14.22,109.59,'Energetic Race','Training','Run','It went perfect.','Everyone',234),(365,'2019-09-29 00:00:00','12:40:00',15.63,76.73,'Energetic Race','Casual','Run','It went amazing.','Only Me',29),(366,'2019-09-27 00:00:00','1:30:00',19.35,142.51,'Energetic Race','Training','Jog','It went fantastic!','Everyone',138),(367,'2019-09-21 00:00:00','20:04:00',17.42,130.27,'Energetic Race','Casual','Run','It went perfect.','Only Me',147),(368,'2019-09-26 00:00:00','13:31:00',14.99,104.97,'Energetic Scamper','Training','Jog','It went perfect!','Only Me',273),(369,'2019-09-11 00:00:00','9:02:00',8.87,86.8,'Energetic Race','Training','Jog','It went great.','Everyone',263),(370,'2019-09-29 00:00:00','2:48:00',3.01,20.4,'Energetic Race','Casual','Run','It went perfect.','Followers Only',154),(371,'2019-09-16 00:00:00','12:19:00',13.5,110.04,'Energetic Race','Casual','Run','It went fantastic.','Everyone',210),(372,'2019-09-20 00:00:00','9:22:00',20.58,90.01,'Energetic Race','Casual','Jog','It went fantastic.','Followers Only',268),(373,'2019-09-22 00:00:00','22:57:00',0.4,4.51,'Energetic Race','Training','Jog','It went perfect.','Followers Only',276),(374,'2019-09-18 00:00:00','8:08:00',13.55,50.64,'Energetic Race','Training','Jog','It went fantastic!','Only Me',277),(375,'2019-09-19 00:00:00','2:48:00',10.93,37.51,'Cheerful Race','Training','Jog','It went fantastic.','Only Me',23),(376,'2019-09-28 00:00:00','1:59:00',12.91,43.35,'Energetic Scamper','Casual','Run','It went well.','Everyone',13),(377,'2019-09-16 00:00:00','13:38:00',3.54,32.17,'Cheerful Race','Training','Run','It went perfect.','Followers Only',145),(378,'2019-09-07 00:00:00','1:52:00',20.95,122.26,'Cheerful Scamper','Training','Jog','It went perfect!','Followers Only',217),(379,'2019-09-13 00:00:00','17:53:00',17.16,82.73,'Dreamy Race','Training','Run','It went amazing!','Only Me',245),(380,'2019-09-19 00:00:00','2:54:00',3.91,23.28,'Calm Race','Training','Jog','It went great!','Only Me',148),(381,'2019-09-19 00:00:00','12:23:00',2.2,13.37,'Dreamy Scurry','Training','Jog','It went amazing!','Followers Only',290),(382,'2019-09-29 00:00:00','21:07:00',13.54,109.72,'Energetic Scamper','Training','Jog','It went fantastic.','Only Me',72),(383,'2019-09-16 00:00:00','18:09:00',17.63,115.95,'Dreamy Race','Casual','Run','It went fantastic!','Only Me',67),(384,'2019-09-01 00:00:00','13:14:00',12.43,50.1,'Cheerful Sprint','Training','Run','It went fantastic.','Followers Only',211),(385,'2019-09-20 00:00:00','9:28:00',0.89,12.71,'Dreamy Scamper','Training','Jog','It went great.','Everyone',205),(386,'2019-09-11 00:00:00','23:22:00',10.45,74.89,'Cheerful Race','Training','Jog','It went fantastic.','Only Me',19),(387,'2019-09-29 00:00:00','18:35:00',13.92,72.15,'Energetic Scurry','Casual','Jog','It went perfect.','Only Me',124),(388,'2019-09-21 00:00:00','22:58:00',20.68,161.28,'Energetic Race','Casual','Run','It went fantastic!','Followers Only',166),(389,'2019-09-09 00:00:00','3:44:00',19.43,84.27,'Energetic Race','Casual','Jog','It went fantastic!','Only Me',268),(390,'2019-09-29 00:00:00','4:05:00',10.02,35.27,'Dreamy Race','Training','Run','It went perfect.','Only Me',167),(391,'2019-09-12 00:00:00','18:12:00',9.8,57.73,'Energetic Race','Casual','Jog','It went perfect.','Followers Only',125),(392,'2019-09-09 00:00:00','20:08:00',3.85,32.29,'Energetic Scamper','Casual','Jog','It went fantastic.','Followers Only',114),(393,'2019-09-07 00:00:00','10:30:00',10.99,70.36,'Blissful Race','Training','Run','It went amazing!','Only Me',41),(394,'2019-09-07 00:00:00','14:17:00',4.37,36.78,'Energetic Race','Casual','Jog','It went fantastic.','Only Me',30),(395,'2019-09-16 00:00:00','10:09:00',20.66,126.92,'Energetic Race','Training','Run','It went fantastic!','Followers Only',23),(396,'2019-09-11 00:00:00','11:25:00',18.09,139.73,'Energetic Gallop','Training','Run','It went fantastic!','Only Me',236),(397,'2019-09-03 00:00:00','20:46:00',16.33,93.62,'Energetic Race','Training','Run','It went fantastic!','Only Me',63),(398,'2019-09-10 00:00:00','6:53:00',6.97,49.56,'Energetic Scurry','Training','Jog','It went amazing.','Everyone',54),(399,'2019-09-12 00:00:00','5:26:00',4.77,23.32,'Calm Race','Casual','Run','It went fantastic!','Only Me',100),(400,'2019-09-02 00:00:00','5:58:00',19.5,66.92,'Dreamy Gallop','Training','Jog','It went fantastic!','Only Me',128),(401,'2019-09-08 00:00:00','19:29:00',10.69,64.21,'Energetic Scamper','Training','Jog','It went fantastic.','Followers Only',279),(402,'2019-09-01 00:00:00','2:16:00',20.67,123.87,'Dreamy Scamper','Training','Run','It went perfect!','Everyone',59),(403,'2019-09-27 00:00:00','4:55:00',4.54,24.54,'Dreamy Scamper','Training','Run','It went perfect.','Followers Only',184),(404,'2019-09-25 00:00:00','17:03:00',0.74,12.87,'Energetic Race','Casual','Jog','It went perfect.','Followers Only',265),(405,'2019-09-03 00:00:00','6:56:00',6.47,36.2,'Energetic Race','Training','Run','It went amazing!','Everyone',193),(406,'2019-09-01 00:00:00','5:49:00',16.14,144.69,'Energetic Scamper','Training','Jog','It went perfect!','Everyone',117),(407,'2019-09-07 00:00:00','20:42:00',7.51,41.85,'Cheerful Race','Training','Run','It went amazing.','Everyone',67),(408,'2019-09-15 00:00:00','23:35:00',3.65,44.26,'Energetic Race','Training','Jog','It went fantastic!','Followers Only',239),(409,'2019-09-25 00:00:00','16:41:00',2.39,10.76,'Energetic Race','Training','Jog','It went fantastic!','Followers Only',252),(410,'2019-09-21 00:00:00','14:24:00',11.69,36.99,'Blissful Race','Training','Run','It went fantastic!','Everyone',182),(411,'2019-09-07 00:00:00','13:26:00',8.47,79.47,'Energetic Scurry','Training','Run','It went fantastic.','Followers Only',108),(412,'2019-09-13 00:00:00','19:42:00',10.9,57.11,'Cheerful Race','Casual','Run','It went perfect.','Followers Only',84),(413,'2019-09-26 00:00:00','9:51:00',9.37,52.14,'Cheerful Scurry','Casual','Run','It went fantastic.','Only Me',285),(414,'2019-09-06 00:00:00','11:28:00',8.18,31.22,'Energetic Race','Training','Run','It went fantastic.','Everyone',6),(415,'2019-09-02 00:00:00','11:46:00',6.93,56.66,'Dreamy Race','Training','Run','It went great!','Everyone',30),(416,'2019-09-16 00:00:00','15:20:00',6.7,25.87,'Energetic Scurry','Casual','Jog','It went perfect.','Only Me',131),(417,'2019-09-06 00:00:00','4:41:00',17.86,162.45,'Calm Scamper','Training','Jog','It went fantastic.','Only Me',33),(418,'2019-09-15 00:00:00','5:36:00',17.49,72.66,'Calm Gallop','Training','Run','It went fantastic!','Followers Only',71),(419,'2019-09-12 00:00:00','16:12:00',2.57,26.46,'Energetic Scamper','Training','Run','It went okay.','Everyone',2),(420,'2019-09-18 00:00:00','8:45:00',16.92,88.95,'Amusing Scurry','Training','Jog','It went perfect.','Only Me',10),(421,'2019-09-30 00:00:00','2:41:00',11.66,72.44,'Dreamy Scurry','Casual','Jog','It went fantastic!','Followers Only',174),(422,'2019-09-01 00:00:00','18:11:00',3.7,23.29,'Happy Dash','Casual','Run','It went amazing!','Followers Only',1),(423,'2019-09-18 00:00:00','19:15:00',17.14,141.4,'Calm Race','Casual','Run','It went well!','Only Me',165),(424,'2019-09-13 00:00:00','5:32:00',19.39,65.96,'Depressed Race','Casual','Jog','It went perfect!','Followers Only',102),(425,'2019-09-18 00:00:00','16:29:00',2.05,31.47,'Energetic Scamper','Training','Run','It went fantastic.','Everyone',155),(426,'2019-09-07 00:00:00','15:46:00',2.72,33.95,'Dreamy Scurry','Casual','Run','It went fantastic.','Everyone',110),(427,'2019-09-14 00:00:00','14:47:00',2.01,29.67,'Energetic Gallop','Casual','Run','It went fantastic.','Everyone',103),(428,'2019-09-15 00:00:00','12:39:00',3.6,24.3,'Energetic Race','Training','Run','It went great.','Everyone',13),(429,'2019-09-03 00:00:00','9:40:00',4.54,34.31,'Calm Race','Training','Run','It went amazing.','Followers Only',205),(430,'2019-09-08 00:00:00','7:45:00',14.13,125.48,'Dreamy Race','Training','Jog','It went fantastic.','Only Me',233),(431,'2019-09-25 00:00:00','0:50:00',17.32,153.27,'Calm Scamper','Training','Jog','It went amazing.','Followers Only',60),(432,'2019-09-06 00:00:00','15:35:00',10.97,39.29,'Energetic Race','Casual','Run','It went fantastic.','Followers Only',126),(433,'2019-09-26 00:00:00','3:29:00',11.14,47.53,'Cheerful Scamper','Training','Run','It went amazing!','Followers Only',140),(434,'2019-09-11 00:00:00','4:49:00',16.62,112.64,'Blissful Race','Training','Jog','It went perfect.','Everyone',89),(435,'2019-09-12 00:00:00','21:01:00',16.93,89.25,'Cheerful Race','Casual','Jog','It went okay.','Followers Only',125),(436,'2019-09-18 00:00:00','4:53:00',9.25,53.15,'Calm Scamper','Training','Run','It went fantastic.','Everyone',151),(437,'2019-09-03 00:00:00','3:22:00',15.43,68.17,'Energetic Scamper','Casual','Jog','It went fantastic!','Followers Only',109),(438,'2019-09-22 00:00:00','23:51:00',13.77,66.68,'Energetic Race','Casual','Run','It went amazing.','Only Me',289),(439,'2019-09-30 00:00:00','18:24:00',4.8,33.76,'Dreamy Race','Casual','Run','It went perfect.','Everyone',49),(440,'2019-09-19 00:00:00','0:13:00',19.92,167.02,'Energetic Race','Training','Run','It went fantastic.','Everyone',257),(441,'2019-09-05 00:00:00','17:32:00',19.9,90.58,'Dreamy Race','Training','Run','It went fantastic.','Followers Only',105),(442,'2019-09-15 00:00:00','10:53:00',15.16,90.59,'Energetic Race','Casual','Jog','It went fantastic!','Everyone',281),(443,'2019-09-28 00:00:00','15:02:00',13.53,77.96,'Calm Scurry','Casual','Jog','It went perfect.','Everyone',199),(444,'2019-09-19 00:00:00','2:10:00',13.74,83.95,'Energetic Scamper','Casual','Jog','It went amazing!','Everyone',292),(445,'2019-09-23 00:00:00','8:52:00',19.87,88.82,'Energetic Journey','Training','Jog','It went perfect!','Followers Only',25),(446,'2019-10-01 00:00:00','19:58:00',0.44,17.68,'Blissful Race','Training','Run','It went fantastic.','Only Me',187),(447,'2019-09-15 00:00:00','8:54:00',15.52,112.95,'Energetic Race','Casual','Jog','It went perfect!','Only Me',125),(448,'2019-09-01 00:00:00','9:20:00',2.41,13.87,'Energetic Scurry','Casual','Jog','It went fantastic.','Followers Only',243),(449,'2019-09-06 00:00:00','15:48:00',4.7,27.45,'Blissful Race','Training','Jog','It went fantastic.','Everyone',55),(450,'2019-10-01 00:00:00','5:28:00',13.44,75.42,'Energetic Scamper','Training','Jog','It went fantastic!','Only Me',291),(451,'2019-09-06 00:00:00','6:12:00',0.26,17.71,'Dreamy Scurry','Casual','Run','It went fantastic.','Only Me',189),(452,'2019-09-19 00:00:00','12:10:00',12.48,67.81,'Energetic Scamper','Casual','Jog','It went fantastic.','Everyone',100),(453,'2019-09-29 00:00:00','10:45:00',19.78,98.72,'Energetic Race','Casual','Jog','It went fantastic!','Only Me',55),(454,'2019-09-26 00:00:00','8:03:00',9.05,47.62,'Dreamy Race','Casual','Jog','It went perfect!','Only Me',168),(455,'2019-09-04 00:00:00','16:35:00',17.43,108.99,'Energetic Race','Training','Jog','It went fantastic.','Only Me',170),(456,'2019-09-08 00:00:00','15:00:00',11.98,52.19,'Energetic Scurry','Training','Run','It went perfect!','Everyone',46),(457,'2019-09-15 00:00:00','17:09:00',0.39,6.84,'Dreamy Race','Training','Jog','It went amazing.','Only Me',26),(458,'2019-09-15 00:00:00','2:27:00',6.53,38.47,'Energetic Scamper','Training','Run','It went perfect!','Everyone',128),(459,'2019-09-07 00:00:00','10:21:00',16.48,109.61,'Energetic Sprint','Training','Run','It went well.','Followers Only',44),(460,'2019-09-27 00:00:00','16:10:00',7.03,41.84,'Energetic Race','Training','Run','It went fantastic!','Only Me',275),(461,'2019-09-19 00:00:00','22:48:00',5.03,25.07,'Dreamy Scurry','Casual','Run','It went fantastic!','Everyone',184),(462,'2019-09-23 00:00:00','0:42:00',6.89,39.3,'Dreamy Race','Casual','Jog','It went perfect!','Only Me',300),(463,'2019-09-12 00:00:00','5:40:00',13.28,57.67,'Cheerful Race','Casual','Jog','It went fantastic!','Only Me',28),(464,'2019-09-17 00:00:00','2:03:00',6.22,40.18,'Energetic Race','Training','Jog','It went fantastic.','Everyone',200),(465,'2019-09-27 00:00:00','7:57:00',18.8,119.83,'Energetic Scamper','Training','Run','It went perfect.','Followers Only',152),(466,'2019-09-01 00:00:00','7:06:00',19.55,103.96,'Dreamy Race','Casual','Jog','It went fantastic!','Only Me',52),(467,'2019-09-18 00:00:00','1:37:00',7.48,54.53,'Energetic Scamper','Training','Run','It went fantastic.','Everyone',160),(468,'2019-09-15 00:00:00','16:26:00',8.6,73.08,'Energetic Race','Casual','Run','It went fantastic!','Only Me',164),(469,'2019-09-26 00:00:00','1:37:00',18.28,150.27,'Energetic Race','Casual','Run','It went fantastic.','Everyone',260),(470,'2019-09-15 00:00:00','15:47:00',8.58,77.67,'Energetic Scamper','Training','Jog','It went perfect.','Only Me',87),(471,'2019-09-14 00:00:00','23:08:00',20.47,160.7,'Sad Gallop','Training','Jog','It went well.','Only Me',241),(472,'2019-09-15 00:00:00','7:29:00',1.21,9.9,'Dreamy Race','Casual','Run','It went amazing!','Only Me',148),(473,'2019-09-17 00:00:00','10:24:00',20.38,177.48,'Energetic Race','Casual','Run','It went great.','Followers Only',55),(474,'2019-09-25 00:00:00','18:59:00',18.55,113.11,'Chill Race','Casual','Jog','It went perfect.','Everyone',259),(475,'2019-09-13 00:00:00','20:41:00',11.39,71.04,'Dreamy Race','Casual','Jog','It went perfect.','Only Me',251),(476,'2019-09-16 00:00:00','17:50:00',2.45,7.69,'Cheerful Race','Training','Jog','It went fantastic.','Followers Only',36),(477,'2019-09-04 00:00:00','18:21:00',3.83,40.86,'Energetic Scurry','Training','Jog','It went fantastic!','Followers Only',5),(478,'2019-09-30 00:00:00','18:41:00',20.13,102.94,'Dreamy Scamper','Casual','Jog','It went perfect.','Only Me',27),(479,'2019-09-21 00:00:00','2:23:00',18.39,129.64,'Dreamy Scamper','Training','Run','It went great.','Everyone',268),(480,'2019-09-18 00:00:00','22:10:00',9.73,47.29,'Dreamy Race','Casual','Jog','It went fantastic.','Only Me',162),(481,'2019-09-24 00:00:00','20:45:00',17.71,76.09,'Amusing Race','Training','Run','It went fantastic!','Followers Only',256),(482,'2019-09-13 00:00:00','9:04:00',0.88,4.91,'Cheerful Scamper','Training','Run','It went great.','Followers Only',58),(483,'2019-09-09 00:00:00','20:48:00',19.09,140.19,'Energetic Scamper','Casual','Run','It went perfect.','Everyone',273),(484,'2019-09-03 00:00:00','22:46:00',15.17,93.24,'Calm Sprint','Casual','Jog','It went perfect.','Everyone',247),(485,'2019-09-03 00:00:00','6:02:00',10.78,35.12,'Energetic Scamper','Training','Jog','It went fantastic!','Everyone',232),(486,'2019-09-06 00:00:00','19:11:00',0.86,17.57,'Energetic Route','Training','Jog','It went fantastic!','Only Me',198),(487,'2019-09-08 00:00:00','10:06:00',9.72,44.73,'Energetic Race','Training','Run','It went fantastic!','Followers Only',234),(488,'2019-09-01 00:00:00','8:32:00',5.99,53.15,'Energetic Scamper','Casual','Run','It went fantastic!','Only Me',241),(489,'2019-09-08 00:00:00','9:34:00',16.79,83.62,'Cheerful Race','Casual','Run','It went perfect!','Followers Only',34),(490,'2019-09-04 00:00:00','11:46:00',1.63,11.53,'Energetic Scamper','Casual','Run','It went amazing.','Everyone',118),(491,'2019-09-04 00:00:00','8:50:00',19.19,100.7,'Energetic Scurry','Training','Run','It went perfect!','Followers Only',267),(492,'2019-09-19 00:00:00','10:38:00',8.54,49.76,'Energetic Scurry','Casual','Run','It went well!','Only Me',299),(493,'2019-09-15 00:00:00','13:08:00',17.07,88.14,'Energetic Race','Casual','Run','It went fantastic!','Followers Only',298),(494,'2019-09-03 00:00:00','14:30:00',16.18,84.73,'Calm Race','Training','Run','It went fantastic.','Only Me',40),(495,'2019-09-01 00:00:00','13:31:00',20.78,109.91,'Calm Race','Training','Jog','It went fantastic.','Everyone',61),(496,'2019-09-14 00:00:00','6:19:00',5.08,43.01,'Dreamy Scamper','Training','Jog','It went fantastic.','Followers Only',277),(497,'2019-09-03 00:00:00','8:46:00',14.7,99.42,'Energetic Dash','Training','Jog','It went perfect.','Only Me',41),(498,'2019-09-11 00:00:00','11:04:00',12.16,71.06,'Dreamy Race','Casual','Jog','It went fantastic!','Followers Only',192),(499,'2019-09-23 00:00:00','10:34:00',18.76,62.16,'Energetic Scamper','Training','Run','It went well!','Everyone',129),(500,'2019-09-22 00:00:00','4:10:00',17.87,132.58,'Energetic Scamper','Casual','Jog','It went okay.','Followers Only',83);
/*!40000 ALTER TABLE `activity` ENABLE KEYS */;
UNLOCK TABLES;

--
-- Table structure for table `challenge`
--

DROP TABLE IF EXISTS `challenge`;
/*!40101 SET @saved_cs_client     = @@character_set_client */;
 SET character_set_client = utf8mb4 ;
CREATE TABLE `challenge` (
  `ChallengeID` int(11) NOT NULL,
  `ChallengeName` text,
  PRIMARY KEY (`ChallengeID`)
) ENGINE=InnoDB DEFAULT CHARSET=utf8mb4 COLLATE=utf8mb4_0900_ai_ci;
/*!40101 SET character_set_client = @saved_cs_client */;

--
-- Dumping data for table `challenge`
--

LOCK TABLES `challenge` WRITE;
/*!40000 ALTER TABLE `challenge` DISABLE KEYS */;
INSERT INTO `challenge` VALUES (1,'Color Run'),(2,'Income Eco Run'),(3,'OSIM Sundown Marathon'),(4,'Race The Dead'),(5,'Run For Inclusion'),(6,'Run Forrest Run'),(7,'Terry Fox Run');
/*!40000 ALTER TABLE `challenge` ENABLE KEYS */;
UNLOCK TABLES;

--
-- Table structure for table `club`
--

DROP TABLE IF EXISTS `club`;
/*!40101 SET @saved_cs_client     = @@character_set_client */;
 SET character_set_client = utf8mb4 ;
CREATE TABLE `club` (
  `ClubID` int(11) NOT NULL,
  `ClubName` text,
  `OwnerID` int(11) DEFAULT NULL,
  PRIMARY KEY (`ClubID`),
  KEY `club_OwnerID_idx` (`OwnerID`),
  CONSTRAINT `club_OwnerID` FOREIGN KEY (`OwnerID`) REFERENCES `member` (`UserID`) ON DELETE CASCADE ON UPDATE CASCADE
) ENGINE=InnoDB DEFAULT CHARSET=utf8mb4 COLLATE=utf8mb4_0900_ai_ci;
/*!40101 SET character_set_client = @saved_cs_client */;

--
-- Dumping data for table `club`
--

LOCK TABLES `club` WRITE;
/*!40000 ALTER TABLE `club` DISABLE KEYS */;
INSERT INTO `club` VALUES (1,'NTU Running Club',86),(2,'NUS Running Club',66),(3,'SIT Running Club',196),(4,'SMU Running Club',168),(5,'SUTD Running Club',266),(6,'Couples Running Club',27),(7,'Full Throttle',79),(8,'Breakfast Running Club',213),(9,'Sprinting Speedsters',107),(10,'Probably Gonna Walk',182);
/*!40000 ALTER TABLE `club` ENABLE KEYS */;
UNLOCK TABLES;

--
-- Table structure for table `comment`
--

DROP TABLE IF EXISTS `comment`;
/*!40101 SET @saved_cs_client     = @@character_set_client */;
 SET character_set_client = utf8mb4 ;
CREATE TABLE `comment` (
  `CommentID` int(11) NOT NULL,
  `CommentContent` text,
  `UserID` int(11) NOT NULL,
  `ActivityID` int(11) NOT NULL,
  PRIMARY KEY (`CommentID`,`UserID`,`ActivityID`),
  KEY `comment_UserID_idx` (`UserID`),
  KEY `comment_ActivityID_idx` (`ActivityID`),
  CONSTRAINT `comment_ActivityID` FOREIGN KEY (`ActivityID`) REFERENCES `activity` (`ActivityID`) ON DELETE CASCADE ON UPDATE CASCADE,
  CONSTRAINT `comment_UserID` FOREIGN KEY (`UserID`) REFERENCES `user` (`UserID`) ON DELETE CASCADE ON UPDATE CASCADE
) ENGINE=InnoDB DEFAULT CHARSET=utf8mb4 COLLATE=utf8mb4_0900_ai_ci;
/*!40101 SET character_set_client = @saved_cs_client */;

--
-- Dumping data for table `comment`
--

LOCK TABLES `comment` WRITE;
/*!40000 ALTER TABLE `comment` DISABLE KEYS */;
INSERT INTO `comment` VALUES (1,'Congrats Hank! You did great!',124,87),(2,'Congrats Cyrus! You did great!',209,217),(3,'Congrats Eliz! You did great!',20,206),(4,'Congrats Blanca! You did great!',139,278),(5,'Congrats Nolan! You did great!',168,256),(6,'Congrats Zackary! You did great!',256,199),(7,'Congrats Samuel! You did great!',295,67),(8,'Congrats Rueben! You did great!',217,123),(9,'Congrats Duane! You did great!',14,78),(10,'Congrats Trevor! You did great!',289,218),(11,'Congrats Wade! You did great!',26,205),(12,'Congrats Susanna! You did great!',283,29),(13,'Congrats Josh! You did great!',215,216),(14,'Congrats Mendy! You did great!',27,219),(15,'Congrats Matilda! You did great!',16,259),(16,'Congrats Elmer! You did great!',249,215),(17,'Congrats Enoch! You did great!',272,156),(18,'Congrats Elsy! You did great!',285,268),(19,'Congrats Cody! You did great!',174,149),(20,'Congrats Darius! You did great!',8,168),(21,'Congrats Rodrick! You did great!',190,259),(22,'Congrats Claire! You did great!',269,221),(23,'Congrats Maryetta! You did great!',108,109),(24,'Congrats Carlena! You did great!',277,266),(25,'Congrats Emanuel! You did great!',49,236),(26,'Congrats Lincoln! You did great!',144,211),(27,'Congrats Nicolette! You did great!',200,215),(28,'Congrats Dorris! You did great!',202,148),(29,'Congrats Fae! You did great!',154,58),(30,'Congrats Jessie! You did great!',288,144),(31,'Congrats Denisse! You did great!',32,238),(32,'Congrats Wilford! You did great!',75,191),(33,'Congrats Roberto! You did great!',104,100),(34,'Congrats Daryl! You did great!',181,202),(35,'Congrats Sparkle! You did great!',267,288),(36,'Congrats Cary! You did great!',284,78),(37,'Congrats Nakesha! You did great!',9,126),(38,'Congrats Wilber! You did great!',210,233),(39,'Congrats Victor! You did great!',211,233),(40,'Congrats Susanne! You did great!',230,18),(41,'Congrats Judson! You did great!',164,138),(42,'Congrats Derrick! You did great!',41,280),(43,'Congrats Rene! You did great!',99,195),(44,'Congrats Regan! You did great!',228,154),(45,'Congrats Vennie! You did great!',157,74),(46,'Congrats Merrill! You did great!',253,125),(47,'Congrats Ariel! You did great!',295,143),(48,'Congrats Emiko! You did great!',265,234),(49,'Congrats Glendora! You did great!',1,86),(50,'Congrats Rosann! You did great!',235,41),(51,'Congrats Abraham! You did great!',231,182),(52,'Congrats Sheryl! You did great!',92,132),(53,'Congrats Carolann! You did great!',258,291),(54,'Congrats May! You did great!',147,78),(55,'Congrats Berry! You did great!',209,90),(56,'Congrats Teresita! You did great!',292,175),(57,'Congrats Shameka! You did great!',129,233),(58,'Congrats Ai! You did great!',94,18),(59,'Congrats Mckinley! You did great!',226,199),(60,'Congrats Justin! You did great!',115,238),(61,'Congrats Del! You did great!',242,204),(62,'Congrats Marcelle! You did great!',162,25),(63,'Congrats Nathaniel! You did great!',26,284),(64,'Congrats Chuck! You did great!',119,12),(65,'Congrats Evonne! You did great!',34,123),(66,'Congrats Mike! You did great!',24,64),(67,'Congrats Martin! You did great!',166,158),(68,'Congrats Denver! You did great!',131,61),(69,'Congrats Salvatore! You did great!',196,205),(70,'Congrats Charlie! You did great!',85,173),(71,'Congrats Bradly! You did great!',111,149),(72,'Congrats Gayla! You did great!',290,146),(73,'Congrats Domitila! You did great!',236,40),(74,'Congrats Lionel! You did great!',97,73),(75,'Congrats Edwin! You did great!',284,235),(76,'Congrats Carey! You did great!',89,30),(77,'Congrats Marcos! You did great!',106,11),(78,'Congrats Yadira! You did great!',33,181),(79,'Congrats Fredia! You did great!',206,21),(80,'Congrats Mellisa! You did great!',85,267),(81,'Congrats Jermaine! You did great!',285,147),(82,'Congrats Glen! You did great!',181,84),(83,'Congrats Anabel! You did great!',43,165),(84,'Congrats Norbert! You did great!',271,102),(85,'Congrats Tamesha! You did great!',165,43),(86,'Congrats Kasey! You did great!',60,98),(87,'Congrats Sharron! You did great!',146,281),(88,'Congrats Patricia! You did great!',133,248),(89,'Congrats Bennett! You did great!',188,291),(90,'Congrats Enrique! You did great!',222,200),(91,'Congrats Domenic! You did great!',167,49),(92,'Congrats Thanh! You did great!',101,30),(93,'Congrats Gisela! You did great!',220,266),(94,'Congrats Genaro! You did great!',71,268),(95,'Congrats Hubert! You did great!',106,257),(96,'Congrats Doug! You did great!',163,24),(97,'Congrats Jackelyn! You did great!',7,147),(98,'Congrats Stephen! You did great!',265,31),(99,'Congrats Ezekiel! You did great!',229,272),(100,'Congrats Lyda! You did great!',294,277),(101,'Congrats Min! You did great!',223,104),(102,'Congrats Garth! You did great!',38,155),(103,'Congrats Drew! You did great!',147,168),(104,'Congrats Maximo! You did great!',283,269),(105,'Congrats Curtis! You did great!',70,49),(106,'Congrats Candy! You did great!',185,89),(107,'Congrats Isaias! You did great!',297,90),(108,'Congrats Esmeralda! You did great!',243,202),(109,'Congrats Izola! You did great!',101,102),(110,'Congrats Mitchel! You did great!',135,243),(111,'Congrats Parker! You did great!',158,24),(112,'Congrats Rubin! You did great!',144,179),(113,'Congrats Allegra! You did great!',2,147),(114,'Congrats Ron! You did great!',115,64),(115,'Congrats Willard! You did great!',131,97),(116,'Congrats Paulita! You did great!',250,91),(117,'Congrats Saul! You did great!',266,260),(118,'Congrats Laurette! You did great!',14,2),(119,'Congrats Richie! You did great!',25,12),(120,'Congrats Brant! You did great!',42,47),(121,'Congrats Elvia! You did great!',253,132),(122,'Congrats Jamison! You did great!',182,18),(123,'Congrats Guillermo! You did great!',173,290),(124,'Congrats Landon! You did great!',60,251),(125,'Congrats Wilmer! You did great!',288,257),(126,'Congrats Kyla! You did great!',152,72),(127,'Congrats Dalton! You did great!',62,40),(128,'Congrats Scottie! You did great!',171,157),(129,'Congrats Stephaine! You did great!',22,284),(130,'Congrats Norberto! You did great!',254,162),(131,'Congrats Timmy! You did great!',251,102),(132,'Congrats Dion! You did great!',54,135),(133,'Congrats Earl! You did great!',291,280),(134,'Congrats Georgetta! You did great!',201,171),(135,'Congrats Pa! You did great!',207,25),(136,'Congrats France! You did great!',298,188),(137,'Congrats Kymberly! You did great!',45,296),(138,'Congrats Scot! You did great!',295,72),(139,'Congrats Kerry! You did great!',148,84),(140,'Congrats Cecila! You did great!',22,5),(141,'Congrats Barney! You did great!',194,205),(142,'Congrats Travis! You did great!',92,211),(143,'Congrats Jordon! You did great!',153,249),(144,'Congrats Cole! You did great!',2,87),(145,'Congrats Domenic! You did great!',117,164),(146,'Congrats Roselia! You did great!',210,100),(147,'Congrats Augustina! You did great!',155,259),(148,'Congrats Laverne! You did great!',110,140),(149,'Congrats Ashli! You did great!',97,185),(150,'Congrats Sherrell! You did great!',188,36),(151,'Congrats Robbie! You did great!',236,165),(152,'Congrats Illa! You did great!',279,59),(153,'Congrats Rayford! You did great!',261,81),(154,'Congrats Harrison! You did great!',148,268),(155,'Congrats Leanora! You did great!',265,218),(156,'Congrats Martha! You did great!',38,25),(157,'Congrats Rheba! You did great!',170,35),(158,'Congrats Tristan! You did great!',283,66),(159,'Congrats Kayla! You did great!',24,252),(160,'Congrats Ollie! You did great!',42,158),(161,'Congrats Tom! You did great!',2,298),(162,'Congrats Hershel! You did great!',7,47),(163,'Congrats Tayna! You did great!',253,25),(164,'Congrats Remona! You did great!',138,191),(165,'Congrats Pete! You did great!',175,238),(166,'Congrats Iluminada! You did great!',81,276),(167,'Congrats Geraldo! You did great!',277,164),(168,'Congrats Wilbert! You did great!',89,39),(169,'Congrats Mandi! You did great!',136,195),(170,'Congrats Jacalyn! You did great!',293,121),(171,'Congrats Teddy! You did great!',130,264),(172,'Congrats Steve! You did great!',213,268),(173,'Congrats Sheldon! You did great!',29,266),(174,'Congrats Osvaldo! You did great!',101,178),(175,'Congrats Jesus! You did great!',167,188),(176,'Congrats Lacy! You did great!',108,275),(177,'Congrats Tony! You did great!',236,234),(178,'Congrats Ailene! You did great!',193,233),(179,'Congrats Kerry! You did great!',39,73),(180,'Congrats Tom! You did great!',111,33),(181,'Congrats Tanya! You did great!',267,109),(182,'Congrats Maddie! You did great!',144,171),(183,'Congrats Jasmine! You did great!',84,199),(184,'Congrats Werner! You did great!',172,182),(185,'Congrats Kelly! You did great!',123,27),(186,'Congrats Lorrie! You did great!',226,127),(187,'Congrats Rob! You did great!',259,251),(188,'Congrats Roland! You did great!',186,39),(189,'Congrats Elvina! You did great!',164,236),(190,'Congrats Rupert! You did great!',177,57),(191,'Congrats Reggie! You did great!',172,105),(192,'Congrats Gonzalo! You did great!',8,8),(193,'Congrats Devona! You did great!',149,178),(194,'Congrats Brook! You did great!',234,288),(195,'Congrats Leeann! You did great!',54,147),(196,'Congrats Mason! You did great!',106,30),(197,'Congrats Ned! You did great!',236,135),(198,'Congrats Lela! You did great!',185,273),(199,'Congrats Amiee! You did great!',172,141),(200,'Congrats Dave! You did great!',270,13),(201,'Congrats Tory! You did great!',288,216),(202,'Congrats Freddy! You did great!',208,155),(203,'Congrats Marline! You did great!',47,111),(204,'Congrats Ethel! You did great!',252,123),(205,'Congrats Perry! You did great!',22,234),(206,'Congrats Teresa! You did great!',121,152),(207,'Congrats Renay! You did great!',294,277),(208,'Congrats Kirby! You did great!',81,126),(209,'Congrats Dong! You did great!',166,226),(210,'Congrats Katlyn! You did great!',158,37),(211,'Congrats Kendall! You did great!',161,181),(212,'Congrats Willy! You did great!',261,7),(213,'Congrats Lyle! You did great!',123,259),(214,'Congrats Adam! You did great!',26,212),(215,'Congrats Ramiro! You did great!',171,49),(216,'Congrats Cari! You did great!',148,280),(217,'Congrats Kori! You did great!',30,300),(218,'Congrats Irving! You did great!',86,105),(219,'Congrats Gilbert! You did great!',105,174),(220,'Congrats Francina! You did great!',5,270),(221,'Congrats Dell! You did great!',203,281),(222,'Congrats Dedra! You did great!',278,140),(223,'Congrats Walton! You did great!',24,31),(224,'Congrats Normand! You did great!',169,87),(225,'Congrats Altha! You did great!',104,211),(226,'Congrats Boyd! You did great!',251,36),(227,'Congrats Dwayne! You did great!',223,38),(228,'Congrats Megan! You did great!',15,293),(229,'Congrats Eric! You did great!',147,171),(230,'Congrats Rocio! You did great!',231,267),(231,'Congrats Sergio! You did great!',108,125),(232,'Congrats Melvin! You did great!',19,123),(233,'Congrats Marquetta! You did great!',180,27),(234,'Congrats Frances! You did great!',184,89),(235,'Congrats Tressa! You did great!',38,184),(236,'Congrats Angelique! You did great!',11,87),(237,'Congrats Jeannine! You did great!',6,72),(238,'Congrats Walker! You did great!',233,102),(239,'Congrats Reginald! You did great!',81,256),(240,'Congrats Vina! You did great!',158,151),(241,'Congrats Isidro! You did great!',252,144),(242,'Congrats Caprice! You did great!',240,140),(243,'Congrats Gerry! You did great!',136,216),(244,'Congrats Russell! You did great!',72,35),(245,'Congrats Robena! You did great!',77,144),(246,'Congrats Vicente! You did great!',39,36),(247,'Congrats Amado! You did great!',17,140),(248,'Congrats Freda! You did great!',259,226),(249,'Congrats Ha! You did great!',179,132),(250,'Congrats Jin! You did great!',49,18),(251,'Congrats Sam! You did great!',92,277),(252,'Congrats Valentina! You did great!',71,98),(253,'Congrats Valentine! You did great!',280,41),(254,'Congrats Kami! You did great!',128,146),(255,'Congrats Monique! You did great!',158,266),(256,'Congrats Fredrick! You did great!',107,193),(257,'Congrats Casey! You did great!',277,165),(258,'Congrats Kendrick! You did great!',101,60),(259,'Congrats Chi! You did great!',28,31),(260,'Congrats Minh! You did great!',33,287),(261,'Congrats Guy! You did great!',64,35),(262,'Congrats Barb! You did great!',95,158),(263,'Congrats Josette! You did great!',245,281),(264,'Congrats Stevie! You did great!',186,247),(265,'Congrats Angelo! You did great!',100,187),(266,'Congrats Dominick! You did great!',45,124),(267,'Congrats Dario! You did great!',288,146),(268,'Congrats Collin! You did great!',265,238),(269,'Congrats Quentin! You did great!',37,284),(270,'Congrats Reta! You did great!',62,167),(271,'Congrats Jacob! You did great!',148,299),(272,'Congrats Herb! You did great!',212,136),(273,'Congrats Woodrow! You did great!',279,140),(274,'Congrats Hong! You did great!',113,106),(275,'Congrats Kitty! You did great!',49,149),(276,'Congrats Anthony! You did great!',199,188),(277,'Congrats Amado! You did great!',7,140),(278,'Congrats Roscoe! You did great!',45,27),(279,'Congrats Evalyn! You did great!',1,216),(280,'Congrats Wendell! You did great!',2,64),(281,'Congrats Ted! You did great!',62,266),(282,'Congrats Minda! You did great!',164,3),(283,'Congrats Irving! You did great!',72,269),(284,'Congrats Flossie! You did great!',82,277),(285,'Congrats Hayden! You did great!',261,31),(286,'Congrats Reinaldo! You did great!',100,148),(287,'Congrats Rene! You did great!',184,296),(288,'Congrats Renea! You did great!',154,64),(289,'Congrats Jonathan! You did great!',107,199),(290,'Congrats Bryan! You did great!',168,11),(291,'Congrats Dean! You did great!',213,144),(292,'Congrats Twila! You did great!',204,71),(293,'Congrats Olympia! You did great!',206,217),(294,'Congrats Clarisa! You did great!',263,215),(295,'Congrats Bernardo! You did great!',134,215),(296,'Congrats Arielle! You did great!',192,280),(297,'Congrats Chas! You did great!',53,277),(298,'Congrats Luciano! You did great!',62,188),(299,'Congrats Dora! You did great!',170,236),(300,'Congrats Kelsey! You did great!',144,99),(301,'Congrats Odell! You did great!',151,165),(302,'Congrats Trevor! You did great!',281,41),(303,'Congrats Emmett! You did great!',87,276),(304,'Congrats Ellen! You did great!',9,25),(305,'Congrats Sandy! You did great!',75,162),(306,'Congrats Brian! You did great!',155,77),(307,'Congrats Alisha! You did great!',207,82),(308,'Congrats Takako! You did great!',141,30),(309,'Congrats Elena! You did great!',293,202),(310,'Congrats Walter! You did great!',280,131),(311,'Congrats Flavia! You did great!',98,121),(312,'Congrats Domenic! You did great!',84,255),(313,'Congrats Jerald! You did great!',40,247),(314,'Congrats Lanny! You did great!',150,104),(315,'Congrats Jame! You did great!',27,30),(316,'Congrats Edris! You did great!',6,8),(317,'Congrats Tiera! You did great!',154,184),(318,'Congrats Sally! You did great!',141,149),(319,'Congrats Shasta! You did great!',181,70),(320,'Congrats Sam! You did great!',273,26),(321,'Congrats Leonor! You did great!',77,195),(322,'Congrats Jc! You did great!',116,29),(323,'Congrats Maximo! You did great!',59,13),(324,'Congrats Jarrett! You did great!',50,153),(325,'Congrats Riva! You did great!',50,206),(326,'Congrats Dan! You did great!',49,146),(327,'Congrats Harry! You did great!',58,257),(328,'Congrats Joan! You did great!',119,100),(329,'Congrats Jodi! You did great!',144,83),(330,'Congrats Reggie! You did great!',231,24),(331,'Congrats Selena! You did great!',285,135),(332,'Congrats Lawerence! You did great!',128,205),(333,'Congrats Michal! You did great!',279,251),(334,'Congrats Tessa! You did great!',38,23),(335,'Congrats Lindsey! You did great!',262,29),(336,'Congrats Efren! You did great!',262,80),(337,'Congrats Chad! You did great!',225,203),(338,'Congrats Stephenie! You did great!',114,143),(339,'Congrats Tuan! You did great!',99,247),(340,'Congrats Isa! You did great!',119,273),(341,'Congrats Efren! You did great!',241,251),(342,'Congrats Merilyn! You did great!',14,68),(343,'Congrats Clarence! You did great!',176,27),(344,'Congrats Christinia! You did great!',179,151),(345,'Congrats Stevie! You did great!',256,5),(346,'Congrats Toney! You did great!',165,153),(347,'Congrats Rico! You did great!',153,120),(348,'Congrats Ian! You did great!',190,175),(349,'Congrats Shay! You did great!',235,245),(350,'Congrats Tawanda! You did great!',195,165),(351,'Congrats Zachary! You did great!',80,9),(352,'Congrats Vera! You did great!',187,241),(353,'Congrats Hollie! You did great!',204,46),(354,'Congrats Garfield! You did great!',170,105),(355,'Congrats Marcos! You did great!',250,172),(356,'Congrats Chanell! You did great!',141,199),(357,'Congrats Coleman! You did great!',109,80),(358,'Congrats Ahmed! You did great!',166,166),(359,'Congrats Lottie! You did great!',28,80),(360,'Congrats Heidi! You did great!',46,215),(361,'Congrats Carline! You did great!',100,226),(362,'Congrats Catalina! You did great!',279,237),(363,'Congrats Sindy! You did great!',40,286),(364,'Congrats Anika! You did great!',152,112),(365,'Congrats Nellie! You did great!',141,164),(366,'Congrats Jin! You did great!',59,282),(367,'Congrats Lavonna! You did great!',153,149),(368,'Congrats Terry! You did great!',93,220),(369,'Congrats Mimi! You did great!',269,290),(370,'Congrats Florencio! You did great!',276,102),(371,'Congrats Juliane! You did great!',226,273),(372,'Congrats Zane! You did great!',297,6),(373,'Congrats Stella! You did great!',165,269),(374,'Congrats Glynda! You did great!',179,94),(375,'Congrats Lavonna! You did great!',39,67),(376,'Congrats Claudio! You did great!',73,30),(377,'Congrats Galen! You did great!',267,26),(378,'Congrats Harrison! You did great!',95,216),(379,'Congrats Jerold! You did great!',198,191),(380,'Congrats Thora! You did great!',138,277),(381,'Congrats Ruth! You did great!',249,41),(382,'Congrats Rob! You did great!',238,146),(383,'Congrats Nickolas! You did great!',92,13),(384,'Congrats Lizette! You did great!',24,141),(385,'Congrats Gonzalo! You did great!',164,289),(386,'Congrats Paris! You did great!',283,77),(387,'Congrats Derick! You did great!',162,180),(388,'Congrats Emil! You did great!',70,144),(389,'Congrats Matt! You did great!',92,161),(390,'Congrats Marshall! You did great!',257,142),(391,'Congrats Alfonzo! You did great!',173,131),(392,'Congrats Alvin! You did great!',203,268),(393,'Congrats Crystal! You did great!',62,244),(394,'Congrats Vito! You did great!',150,59),(395,'Congrats Bobbie! You did great!',2,266),(396,'Congrats Lachelle! You did great!',130,218),(397,'Congrats Mariah! You did great!',51,25),(398,'Congrats Sherie! You did great!',214,273),(399,'Congrats Georgiann! You did great!',49,129),(400,'Congrats Bonnie! You did great!',45,275),(401,'Congrats Leia! You did great!',98,33),(402,'Congrats Lanora! You did great!',114,165),(403,'Congrats Merna! You did great!',69,288),(404,'Congrats Denice! You did great!',145,27),(405,'Congrats Hollis! You did great!',136,103),(406,'Congrats Augustus! You did great!',159,178),(407,'Congrats Risa! You did great!',213,94),(408,'Congrats Stevie! You did great!',3,300),(409,'Congrats Russell! You did great!',172,112),(410,'Congrats Stephen! You did great!',91,19),(411,'Congrats Scotty! You did great!',163,131),(412,'Congrats Assunta! You did great!',51,102),(413,'Congrats Lamar! You did great!',166,234),(414,'Congrats Jada! You did great!',286,192),(415,'Congrats Myles! You did great!',272,285),(416,'Congrats Chance! You did great!',91,132),(417,'Congrats Tijuana! You did great!',238,144),(418,'Congrats Kelvin! You did great!',164,114),(419,'Congrats Susanna! You did great!',216,176),(420,'Congrats Doris! You did great!',42,46),(421,'Congrats Clayton! You did great!',1,247),(422,'Congrats Alfredia! You did great!',212,189),(423,'Congrats Laquita! You did great!',271,135),(424,'Congrats Audria! You did great!',8,211),(425,'Congrats Gale! You did great!',190,41),(426,'Congrats Susannah! You did great!',297,147),(427,'Congrats Fe! You did great!',286,276),(428,'Congrats Gonzalo! You did great!',286,243),(429,'Congrats Manie! You did great!',111,57),(430,'Congrats Patrick! You did great!',280,199),(431,'Congrats Kam! You did great!',35,67),(432,'Congrats Donovan! You did great!',41,288),(433,'Congrats Cassondra! You did great!',32,241),(434,'Congrats Wilfredo! You did great!',267,52),(435,'Congrats Erin! You did great!',91,184),(436,'Congrats Murray! You did great!',80,125),(437,'Congrats Nolan! You did great!',270,144),(438,'Congrats Fabiola! You did great!',71,27),(439,'Congrats Zachery! You did great!',60,47),(440,'Congrats Ricardo! You did great!',278,104),(441,'Congrats Louanne! You did great!',251,61),(442,'Congrats Ignacio! You did great!',284,42),(443,'Congrats Barrett! You did great!',218,143),(444,'Congrats Luna! You did great!',122,202),(445,'Congrats Lamar! You did great!',300,168),(446,'Congrats Val! You did great!',43,55),(447,'Congrats Alvin! You did great!',10,167),(448,'Congrats Theo! You did great!',240,300),(449,'Congrats John! You did great!',227,160),(450,'Congrats Evelyn! You did great!',131,166);
/*!40000 ALTER TABLE `comment` ENABLE KEYS */;
UNLOCK TABLES;

--
-- Table structure for table `followship`
--

DROP TABLE IF EXISTS `followship`;
/*!40101 SET @saved_cs_client     = @@character_set_client */;
 SET character_set_client = utf8mb4 ;
CREATE TABLE `followship` (
  `FollowedID` int(11) NOT NULL,
  `FollowerID` int(11) NOT NULL,
  PRIMARY KEY (`FollowedID`,`FollowerID`),
  KEY `followship_followerID_idx` (`FollowerID`),
  CONSTRAINT `followship_followedID` FOREIGN KEY (`FollowedID`) REFERENCES `user` (`UserID`) ON DELETE CASCADE ON UPDATE CASCADE,
  CONSTRAINT `followship_followerID` FOREIGN KEY (`FollowerID`) REFERENCES `user` (`UserID`) ON DELETE CASCADE ON UPDATE CASCADE
) ENGINE=InnoDB DEFAULT CHARSET=utf8mb4 COLLATE=utf8mb4_0900_ai_ci;
/*!40101 SET character_set_client = @saved_cs_client */;

--
-- Dumping data for table `followship`
--

LOCK TABLES `followship` WRITE;
/*!40000 ALTER TABLE `followship` DISABLE KEYS */;
INSERT INTO `followship` VALUES (93,1),(96,1),(97,1),(177,1),(147,2),(265,2),(48,3),(55,3),(85,3),(111,3),(176,3),(203,3),(105,4),(127,4),(204,4),(209,4),(287,4),(297,4),(73,5),(98,5),(38,6),(279,6),(298,6),(105,7),(127,7),(43,8),(103,8),(114,9),(218,9),(73,10),(208,10),(9,11),(14,11),(35,11),(53,11),(157,11),(197,11),(43,12),(131,12),(189,12),(277,12),(115,13),(128,13),(176,13),(61,14),(171,14),(133,15),(199,15),(288,15),(57,16),(164,16),(240,16),(278,16),(212,18),(239,18),(260,18),(290,18),(17,19),(157,19),(179,19),(50,20),(51,20),(93,20),(141,20),(207,20),(271,20),(255,21),(273,21),(13,22),(128,22),(185,22),(41,23),(72,23),(100,23),(190,23),(287,23),(121,24),(221,24),(265,24),(267,24),(145,25),(236,25),(130,26),(151,26),(18,28),(71,28),(177,28),(247,28),(32,29),(53,29),(70,29),(77,29),(80,29),(113,29),(186,29),(44,30),(51,30),(100,30),(176,30),(134,31),(258,31),(286,31),(35,32),(60,32),(201,32),(207,32),(201,33),(280,33),(90,34),(127,34),(223,34),(295,34),(32,35),(218,35),(58,36),(104,36),(283,36),(10,37),(214,37),(253,37),(67,38),(160,38),(30,39),(283,39),(64,40),(176,40),(255,40),(296,40),(2,41),(35,41),(1,42),(80,42),(224,42),(245,42),(293,42),(25,43),(100,43),(219,43),(250,43),(27,44),(145,44),(169,44),(88,45),(202,45),(267,46),(42,47),(208,47),(220,47),(227,48),(38,49),(83,49),(8,51),(33,51),(5,52),(41,52),(130,52),(219,53),(55,54),(65,54),(127,54),(68,55),(141,55),(177,55),(179,55),(244,55),(4,56),(178,56),(15,57),(56,57),(65,57),(158,57),(185,57),(188,57),(264,57),(65,58),(121,58),(250,58),(277,58),(92,60),(103,60),(114,60),(126,60),(292,60),(81,61),(101,61),(253,61),(2,62),(31,62),(58,63),(101,63),(219,63),(163,64),(229,64),(24,65),(116,65),(156,65),(280,65),(32,66),(104,66),(289,66),(100,67),(296,67),(27,68),(220,68),(229,68),(12,69),(49,69),(64,69),(107,69),(119,69),(120,69),(172,69),(189,69),(66,70),(99,70),(142,70),(229,70),(242,70),(123,71),(135,71),(274,71),(7,73),(255,73),(34,74),(109,74),(196,74),(241,74),(273,74),(16,75),(32,75),(48,75),(200,75),(89,76),(213,76),(46,77),(154,77),(160,77),(173,77),(194,77),(283,77),(186,78),(258,78),(82,79),(184,79),(41,80),(201,80),(138,81),(186,81),(81,82),(186,82),(230,82),(262,82),(143,83),(224,83),(95,84),(224,84),(274,84),(54,85),(97,85),(169,85),(181,85),(255,85),(2,86),(153,86),(32,88),(194,88),(284,88),(9,89),(82,89),(86,89),(155,89),(267,89),(297,89),(118,90),(194,90),(73,91),(178,91),(197,91),(22,92),(93,92),(119,92),(127,92),(261,92),(282,92),(105,93),(129,93),(167,93),(6,94),(32,94),(194,94),(20,95),(25,96),(135,96),(293,97),(85,98),(203,98),(226,98),(286,98),(44,99),(163,99),(217,99),(220,99),(31,100),(98,100),(104,100),(120,100),(265,100),(153,102),(158,102),(254,102),(4,103),(1,104),(38,104),(43,104),(59,104),(144,104),(214,104),(245,104),(278,104),(35,105),(39,105),(66,105),(87,106),(170,107),(28,108),(222,108),(29,109),(31,109),(65,109),(130,109),(155,109),(173,109),(263,109),(39,110),(54,110),(65,110),(204,110),(11,111),(13,111),(34,111),(168,111),(183,111),(218,111),(295,111),(42,112),(119,112),(132,112),(266,112),(267,112),(283,112),(15,113),(121,113),(125,113),(151,113),(280,113),(34,114),(59,114),(116,114),(165,114),(242,114),(244,114),(100,115),(252,115),(275,116),(279,116),(293,116),(297,116),(29,117),(52,117),(202,117),(49,118),(197,118),(294,118),(5,119),(41,119),(120,119),(135,119),(1,120),(28,120),(101,120),(125,120),(160,120),(180,120),(288,120),(3,121),(23,121),(176,121),(220,121),(228,121),(87,122),(229,122),(59,123),(207,123),(216,124),(121,125),(183,125),(229,125),(294,125),(109,126),(152,126),(213,126),(242,126),(207,127),(256,127),(71,128),(104,128),(231,128),(257,128),(270,128),(48,129),(122,129),(201,129),(241,129),(283,129),(5,130),(23,130),(53,130),(297,130),(4,131),(70,132),(108,132),(155,132),(266,132),(12,134),(205,134),(15,135),(103,135),(105,135),(245,135),(295,135),(7,136),(239,136),(3,137),(55,137),(226,137),(190,138),(218,138),(5,139),(45,139),(112,139),(130,139),(206,139),(250,139),(287,139),(299,139),(120,140),(185,140),(247,140),(292,141),(297,141),(110,142),(144,142),(167,142),(294,142),(199,143),(249,143),(254,143),(258,143),(291,143),(143,144),(164,144),(231,144),(299,144),(113,145),(155,145),(4,146),(21,146),(8,147),(146,147),(213,147),(247,147),(73,148),(183,148),(197,148),(299,148),(170,149),(201,149),(125,150),(162,150),(1,151),(57,151),(81,151),(148,151),(232,151),(247,151),(290,151),(285,152),(33,153),(173,153),(71,154),(88,154),(146,154),(263,154),(271,154),(203,155),(237,155),(288,155),(258,156),(118,157),(84,158),(208,158),(70,159),(87,159),(147,159),(226,159),(248,159),(273,159),(289,159),(41,161),(93,161),(204,161),(12,162),(181,162),(234,162),(20,163),(70,163),(241,163),(24,164),(52,164),(65,164),(110,164),(204,164),(143,165),(284,165),(61,166),(122,166),(217,166),(134,167),(276,167),(2,168),(27,168),(121,168),(191,168),(213,168),(76,169),(114,169),(131,169),(81,170),(123,170),(187,170),(24,171),(72,171),(77,171),(278,172),(67,173),(75,173),(77,173),(227,173),(10,174),(132,174),(155,174),(168,174),(159,175),(160,175),(202,175),(300,175),(15,176),(73,176),(74,176),(119,176),(173,176),(203,176),(269,176),(44,177),(195,177),(272,177),(42,178),(53,178),(190,178),(225,178),(23,179),(44,179),(77,179),(160,179),(227,179),(9,180),(262,180),(80,181),(115,181),(119,181),(198,181),(242,181),(278,181),(141,182),(149,182),(266,182),(277,182),(106,183),(256,183),(257,183),(295,183),(25,184),(72,184),(79,184),(162,185),(217,185),(206,186),(27,187),(67,187),(119,187),(260,187),(111,188),(151,188),(227,188),(278,188),(300,188),(79,189),(80,189),(88,189),(140,189),(243,189),(189,191),(200,191),(239,191),(152,192),(42,193),(48,193),(57,193),(121,193),(138,193),(283,193),(296,193),(46,194),(58,194),(100,194),(229,194),(262,194),(48,195),(211,195),(55,196),(65,196),(136,196),(137,196),(174,197),(214,197),(284,197),(285,197),(297,197),(129,198),(267,198),(292,198),(18,199),(54,199),(118,199),(139,199),(143,199),(95,200),(145,200),(164,200),(22,201),(74,201),(130,201),(140,201),(269,201),(96,202),(116,202),(248,202),(48,203),(165,203),(172,203),(195,203),(53,204),(160,204),(244,204),(290,204),(84,205),(89,205),(97,205),(161,205),(261,206),(63,207),(259,207),(201,208),(40,209),(89,209),(115,209),(72,210),(106,210),(206,210),(236,210),(274,210),(298,210),(70,211),(84,211),(62,212),(110,212),(216,212),(15,213),(256,213),(267,213),(153,214),(247,214),(171,215),(203,215),(228,215),(296,215),(34,216),(143,216),(23,217),(42,217),(108,217),(195,217),(209,217),(274,217),(295,217),(16,218),(42,218),(68,218),(103,218),(202,218),(296,218),(109,219),(118,220),(155,220),(238,220),(188,221),(239,221),(75,222),(80,222),(216,222),(144,223),(150,223),(243,223),(264,223),(293,223),(75,224),(126,224),(254,224),(273,224),(263,225),(149,226),(218,226),(81,227),(230,227),(289,227),(24,228),(27,228),(30,228),(80,228),(179,228),(197,228),(72,229),(290,229),(16,230),(259,231),(169,232),(122,233),(198,233),(206,233),(9,234),(124,234),(180,234),(214,234),(170,235),(174,235),(183,235),(184,235),(262,235),(50,236),(18,237),(34,237),(45,237),(138,237),(17,238),(69,238),(190,238),(224,238),(227,238),(100,239),(223,239),(273,239),(122,240),(141,240),(34,241),(175,241),(239,241),(245,241),(110,242),(191,242),(80,243),(252,243),(270,243),(56,244),(103,244),(15,245),(52,245),(275,245),(60,246),(64,246),(94,246),(113,246),(130,246),(152,247),(221,247),(230,247),(273,247),(8,248),(93,248),(267,248),(87,249),(129,249),(170,249),(228,249),(243,249),(14,250),(213,250),(31,251),(77,251),(85,251),(98,251),(36,252),(92,252),(96,252),(105,252),(155,252),(11,253),(12,253),(129,253),(151,253),(184,253),(267,253),(2,254),(170,254),(270,254),(41,255),(86,255),(92,255),(148,255),(193,255),(169,256),(204,256),(46,257),(58,257),(200,257),(233,257),(265,257),(288,257),(6,258),(11,258),(81,258),(89,258),(154,258),(167,258),(191,258),(228,258),(261,258),(60,259),(114,259),(146,259),(294,259),(156,260),(158,260),(176,260),(203,260),(24,261),(188,261),(94,262),(154,262),(264,262),(47,263),(188,263),(226,263),(233,263),(7,264),(32,264),(45,264),(163,264),(242,264),(254,264),(55,265),(91,265),(167,265),(51,266),(229,266),(258,266),(283,266),(45,267),(71,267),(138,267),(202,267),(205,267),(164,268),(264,268),(278,268),(12,269),(31,269),(80,269),(244,269),(58,270),(74,270),(161,270),(174,270),(204,271),(222,271),(248,271),(133,272),(152,272),(195,272),(205,272),(235,272),(260,272),(80,273),(200,273),(223,273),(269,273),(14,274),(54,274),(56,274),(83,274),(218,274),(33,275),(80,275),(27,276),(81,277),(124,277),(262,277),(231,278),(48,279),(49,279),(145,279),(263,280),(215,281),(252,281),(137,282),(171,282),(25,283),(29,283),(116,283),(132,283),(134,283),(177,283),(203,283),(262,283),(73,284),(272,285),(89,286),(145,286),(171,286),(61,287),(239,287),(61,288),(83,288),(110,288),(174,288),(218,288),(64,289),(8,290),(9,290),(74,290),(155,290),(174,290),(201,290),(263,290),(96,291),(221,291),(258,291),(9,292),(41,292),(59,292),(125,292),(177,292),(250,292),(32,293),(38,293),(54,293),(78,293),(189,293),(3,294),(148,294),(182,294),(193,294),(212,294),(299,294),(126,295),(236,296),(111,297),(206,297),(43,298),(70,298),(73,298),(92,298),(45,299),(60,299),(185,299),(206,300),(260,300);
/*!40000 ALTER TABLE `followship` ENABLE KEYS */;
UNLOCK TABLES;

--
-- Table structure for table `kudo`
--

DROP TABLE IF EXISTS `kudo`;
/*!40101 SET @saved_cs_client     = @@character_set_client */;
 SET character_set_client = utf8mb4 ;
CREATE TABLE `kudo` (
  `ActivityID` int(11) NOT NULL,
  `UserID` int(11) NOT NULL,
  PRIMARY KEY (`ActivityID`,`UserID`),
  KEY `kudo_UserID_idx` (`UserID`),
  CONSTRAINT `kudo_ActivityID` FOREIGN KEY (`ActivityID`) REFERENCES `activity` (`ActivityID`) ON DELETE CASCADE ON UPDATE CASCADE,
  CONSTRAINT `kudo_UserID` FOREIGN KEY (`UserID`) REFERENCES `user` (`UserID`) ON DELETE CASCADE ON UPDATE CASCADE
) ENGINE=InnoDB DEFAULT CHARSET=utf8mb4 COLLATE=utf8mb4_0900_ai_ci;
/*!40101 SET character_set_client = @saved_cs_client */;

--
-- Dumping data for table `kudo`
--

LOCK TABLES `kudo` WRITE;
/*!40000 ALTER TABLE `kudo` DISABLE KEYS */;
INSERT INTO `kudo` VALUES (36,30),(127,30),(236,30),(277,30),(464,30),(24,31),(208,31),(14,32),(103,32),(369,32),(63,33),(211,33),(364,33),(470,33),(16,34),(114,34),(176,34),(201,34),(351,34),(355,34),(385,34),(450,34),(1,35),(338,35),(377,35),(499,35),(13,36),(219,36),(246,36),(260,36),(263,36),(305,36),(373,36),(449,36),(292,37),(307,37),(4,38),(40,38),(146,38),(388,38),(413,38),(98,39),(121,39),(151,39),(463,39),(478,39),(30,40),(478,40),(95,41),(186,41),(379,41),(59,42),(64,42),(133,42),(142,42),(271,42),(278,42),(389,42),(79,43),(176,43),(366,43),(444,43),(465,43),(102,44),(272,44),(281,44),(468,44),(8,45),(258,45),(328,45),(373,45),(435,45),(453,45),(194,46),(280,46),(318,46),(410,46),(39,47),(58,47),(61,47),(104,47),(188,47),(481,47),(491,47),(5,48),(295,48),(323,48),(6,49),(94,49),(247,49),(116,50),(174,50),(376,50),(404,50),(47,51),(136,51),(270,51),(436,51),(487,51),(496,51),(181,52),(100,53),(200,53),(443,53),(165,54),(218,54),(472,54),(219,55),(235,55),(310,55),(386,55),(412,55),(5,56),(317,56),(337,56),(51,57),(62,57),(243,57),(424,57),(451,57),(132,58),(217,58),(274,58),(310,58),(370,58),(377,58),(35,59),(283,59),(481,59),(194,60),(298,60),(338,60),(388,60),(434,60),(26,61),(196,61),(301,61),(317,61),(418,61),(450,61),(328,62),(330,62),(352,62),(179,63),(192,63),(241,63),(411,63),(77,64),(141,64),(392,64),(393,64),(438,64),(453,64),(486,64),(210,65),(219,65),(455,65),(494,65),(194,66),(320,66),(382,66),(94,67),(324,67),(376,67),(18,68),(187,68),(293,68),(322,68),(324,68),(337,68),(412,68),(21,69),(23,69),(238,69),(317,69),(448,69),(6,70),(108,70),(217,70),(372,70),(415,70),(455,70),(229,71),(338,71),(356,71),(46,72),(151,72),(189,72),(232,72),(240,72),(418,72),(330,73),(348,73),(427,73),(43,74),(320,74),(321,74),(376,74),(410,74),(428,74),(32,75),(113,75),(259,75),(306,75),(463,75),(245,76),(342,76),(266,77),(442,77),(140,78),(207,78),(281,78),(334,78),(80,79),(97,79),(233,79),(257,79),(1,80),(131,80),(459,80),(153,81),(439,81),(51,82),(173,82),(237,82),(472,82),(486,82),(288,83),(228,84),(250,84),(477,84),(181,85),(229,85),(238,85),(266,85),(359,85),(156,86),(290,86),(423,86),(435,86),(468,86),(481,86),(6,87),(124,88),(151,88),(203,88),(471,88),(148,89),(160,89),(373,89),(457,89),(481,89),(102,90),(214,90),(306,90),(331,90),(349,90),(421,90),(434,90),(60,91),(263,91),(310,91),(330,91),(339,91),(384,91),(73,92),(188,92),(128,93),(129,93),(321,93),(79,94),(95,94),(128,94),(15,95),(126,95),(135,95),(402,95),(467,95),(34,96),(46,96),(92,96),(176,96),(255,96),(282,96),(295,96),(481,96),(495,96),(58,97),(270,97),(299,97),(335,97),(39,98),(204,98),(210,98),(276,98),(454,98),(12,99),(47,99),(82,99),(116,99),(234,99),(295,100),(431,100),(191,101),(193,101),(360,101),(448,101),(475,101),(481,101),(118,102),(212,102),(349,102),(483,102),(40,103),(74,103),(363,103),(379,103),(419,103),(484,103),(58,104),(94,104),(218,104),(233,104),(250,104),(286,104),(337,104),(400,104),(497,104),(35,105),(141,105),(172,105),(292,105),(342,105),(438,105),(262,106),(327,106),(480,106),(66,107),(89,107),(325,107),(12,108),(411,108),(15,109),(148,109),(175,109),(229,109),(283,109),(296,109),(399,109),(446,109),(500,109),(53,110),(143,110),(200,110),(322,110),(12,111),(100,111),(218,111),(255,111),(274,111),(490,111),(130,112),(181,112),(198,112),(321,112),(367,112),(404,112),(433,112),(486,112),(493,112),(97,113),(124,113),(235,113),(323,113),(247,114),(410,114),(95,115),(159,115),(166,115),(289,116),(324,116),(330,116),(26,117),(246,117),(256,117),(291,117),(319,117),(473,117),(487,117),(47,118),(64,118),(195,118),(321,118),(395,118),(9,119),(36,119),(202,119),(375,119),(454,119),(17,120),(61,120),(231,120),(259,120),(97,121),(150,121),(331,121),(409,121),(79,122),(165,122),(179,122),(257,122),(328,122),(387,122),(42,123),(150,123),(165,123),(258,123),(271,123),(293,123),(314,123),(475,123),(494,123),(139,124),(381,124),(383,124),(59,125),(354,126),(489,126),(6,127),(68,127),(348,127),(380,127),(449,127),(6,128),(22,128),(251,128),(274,128),(303,128),(399,128),(446,128),(8,129),(350,129),(382,129),(431,129),(25,130),(266,130),(35,131),(188,131),(323,131),(394,131),(138,132),(152,132),(264,132),(317,132),(394,132),(210,133),(230,133),(267,133),(376,133),(397,133),(23,134),(166,134),(265,134),(413,134),(482,134),(124,135),(395,135),(427,135),(106,136),(137,136),(147,136),(269,136),(350,136),(125,137),(173,137),(176,137),(231,137),(380,137),(191,138),(327,138),(343,139),(411,139),(152,140),(300,140),(404,140),(16,141),(32,141),(204,141),(228,141),(372,141),(419,141),(149,142),(12,143),(297,143),(307,143),(317,143),(328,143),(446,143),(61,144),(80,144),(409,144),(416,144),(16,145),(132,145),(293,145),(349,145),(468,145),(46,146),(58,146),(117,146),(221,146),(251,146),(271,146),(139,147),(446,147),(9,148),(55,148),(276,148),(281,148),(7,149),(169,149),(172,149),(233,149),(295,149),(477,149),(326,150),(368,150),(413,150),(1,151),(21,151),(105,151),(187,151),(284,151),(319,151),(140,152),(282,152),(312,152),(49,153),(88,153),(114,153),(128,153),(293,153),(295,153),(463,153),(96,154),(421,154),(426,154),(449,154),(11,155),(80,155),(95,155),(116,155),(124,155),(365,155),(382,155),(423,155),(452,155),(40,156),(352,156),(358,156),(446,156),(12,157),(37,157),(67,157),(274,157),(324,157),(421,157),(22,158),(224,158),(263,158),(430,158),(435,158),(37,159),(93,159),(131,159),(152,159),(344,159),(347,159),(480,159),(87,160),(116,160),(214,160),(404,160),(475,160),(500,160),(84,161),(247,161),(279,161),(304,161),(368,161),(77,162),(94,162),(454,162),(481,162),(82,163),(128,163),(133,163),(296,163),(399,163),(81,164),(113,164),(322,164),(333,164),(343,164),(21,165),(305,165),(355,165),(50,166),(120,166),(385,166),(7,167),(66,167),(191,167),(379,167),(403,167),(438,167),(41,168),(90,168),(215,168),(307,168),(324,168),(378,168),(407,168),(495,168),(233,169),(358,169),(362,169),(451,169),(15,170),(129,171),(174,171),(275,171),(341,171),(461,171),(483,171),(51,172),(120,173),(183,173),(201,173),(256,173),(104,174),(264,174),(64,175),(133,175),(181,175),(453,175),(24,176),(34,176),(308,176),(45,177),(248,177),(324,177),(424,177),(446,177),(21,178),(23,178),(80,178),(187,178),(192,178),(252,178),(256,178),(333,178),(431,178),(434,178),(87,179),(268,179),(380,179),(497,179),(27,180),(351,180),(372,180),(479,180),(101,181),(262,181),(307,181),(397,181),(9,182),(100,182),(225,182),(272,182),(295,182),(313,182),(360,182),(467,182),(488,182),(38,183),(88,183),(292,183),(354,183),(362,183),(377,183),(484,183),(489,184),(110,185),(118,185),(121,185),(180,185),(256,185),(373,185),(109,186),(359,186),(365,186),(18,187),(158,187),(333,187),(412,187),(413,187),(15,188),(102,188),(141,188),(213,188),(274,188),(352,188),(407,188),(424,188),(32,189),(75,189),(193,189),(328,189),(372,189),(434,189),(148,190),(188,190),(204,190),(296,190),(378,190),(84,191),(221,191),(234,191),(38,192),(123,192),(164,192),(170,192),(342,192),(415,192),(460,192),(491,192),(121,193),(289,193),(305,193),(403,193),(20,194),(131,194),(333,194),(380,194),(387,194),(78,195),(353,195),(453,195),(493,195),(21,196),(65,196),(103,196),(278,196),(314,196),(435,196),(126,197),(160,197),(328,197),(343,197),(368,197),(431,197),(456,197),(20,198),(124,198),(191,198),(342,198),(43,199),(459,199),(69,200),(141,200),(225,200),(358,200),(448,200),(70,201),(74,201),(180,201),(294,201),(432,201),(461,201),(256,202),(461,202),(5,203),(48,203),(289,203),(57,204),(66,204),(156,204),(394,204),(482,204),(332,205),(423,205),(70,206),(183,206),(408,206),(35,207),(290,207),(474,207),(484,207),(55,208),(84,208),(210,208),(380,208),(456,208),(457,208),(316,209),(417,209),(433,209),(13,210),(78,210),(291,210),(361,210),(375,210),(409,210),(292,211),(351,211),(491,211),(266,212),(279,212),(317,212),(253,213),(390,213),(437,213),(456,213),(87,214),(154,214),(192,214),(357,214),(440,214),(178,215),(249,215),(290,215),(499,215),(26,216),(80,216),(255,216),(289,216),(307,216),(309,216),(457,216),(474,216),(258,217),(380,217),(443,217),(500,217),(83,218),(173,218),(341,218),(415,218),(12,219),(166,219),(175,219),(356,219),(376,219),(59,220),(108,220),(325,220),(409,220),(445,220),(96,222),(110,222),(264,222),(284,222),(388,222),(406,222),(453,222),(483,222),(20,223),(150,223),(237,223),(336,223),(352,223),(136,224),(138,224),(285,224),(391,224),(5,225),(45,225),(80,225),(151,225),(213,225),(298,225),(412,225),(463,225),(286,226),(438,226),(65,227),(118,227),(189,227),(442,227),(445,227),(127,229),(243,229),(52,230),(309,230),(37,231),(42,231),(71,231),(230,231),(436,231),(492,231),(92,232),(136,232),(175,232),(213,232),(217,232),(252,232),(347,232),(389,232),(415,232),(93,233),(106,233),(148,233),(286,233),(407,233),(67,234),(101,234),(286,234),(343,234),(407,234),(50,235),(89,235),(355,235),(405,235),(99,236),(253,236),(255,236),(283,236),(383,236),(440,236),(467,236),(19,237),(223,237),(358,237),(447,237),(18,238),(32,238),(102,238),(135,238),(263,238),(281,238),(333,238),(430,238),(439,238),(163,239),(258,239),(263,239),(282,239),(413,239),(423,239),(21,240),(98,240),(176,240),(257,240),(61,241),(65,241),(85,241),(313,241),(55,242),(142,242),(152,243),(182,243),(99,244),(314,244),(319,244),(482,244),(9,245),(47,245),(134,245),(271,245),(318,245),(476,245),(39,246),(84,246),(185,246),(245,246),(404,246),(490,246),(9,247),(94,247),(129,247),(232,247),(390,247),(400,247),(216,248),(155,249),(265,249),(274,249),(316,249),(422,249),(467,249),(96,250),(290,250);
/*!40000 ALTER TABLE `kudo` ENABLE KEYS */;
UNLOCK TABLES;

--
-- Table structure for table `member`
--

DROP TABLE IF EXISTS `member`;
/*!40101 SET @saved_cs_client     = @@character_set_client */;
 SET character_set_client = utf8mb4 ;
CREATE TABLE `member` (
  `UserID` int(11) NOT NULL,
  `ClubID` int(11) NOT NULL,
  PRIMARY KEY (`UserID`,`ClubID`),
  KEY `member_ClubID_idx` (`ClubID`),
  CONSTRAINT `member_ClubID` FOREIGN KEY (`ClubID`) REFERENCES `club` (`ClubID`) ON DELETE CASCADE ON UPDATE CASCADE,
  CONSTRAINT `member_UserID` FOREIGN KEY (`UserID`) REFERENCES `user` (`UserID`) ON DELETE CASCADE ON UPDATE CASCADE
) ENGINE=InnoDB DEFAULT CHARSET=utf8mb4 COLLATE=utf8mb4_0900_ai_ci;
/*!40101 SET character_set_client = @saved_cs_client */;

--
-- Dumping data for table `member`
--

LOCK TABLES `member` WRITE;
/*!40000 ALTER TABLE `member` DISABLE KEYS */;
INSERT INTO `member` VALUES (3,1),(4,1),(5,1),(6,1),(10,1),(19,1),(20,1),(21,1),(24,1),(26,1),(27,1),(28,1),(30,1),(32,1),(34,1),(36,1),(42,1),(44,1),(47,1),(48,1),(51,1),(54,1),(55,1),(58,1),(59,1),(61,1),(62,1),(72,1),(75,1),(76,1),(80,1),(81,1),(84,1),(88,1),(89,1),(92,1),(93,1),(94,1),(95,1),(97,1),(98,1),(102,1),(108,1),(109,1),(110,1),(119,1),(125,1),(126,1),(130,1),(136,1),(139,1),(141,1),(143,1),(144,1),(145,1),(148,1),(154,1),(159,1),(160,1),(161,1),(164,1),(166,1),(170,1),(171,1),(172,1),(177,1),(178,1),(182,1),(183,1),(185,1),(190,1),(191,1),(193,1),(194,1),(195,1),(196,1),(197,1),(204,1),(209,1),(212,1),(213,1),(215,1),(216,1),(218,1),(219,1),(220,1),(221,1),(222,1),(223,1),(225,1),(233,1),(240,1),(241,1),(245,1),(256,1),(257,1),(258,1),(266,1),(273,1),(277,1),(280,1),(283,1),(286,1),(291,1),(294,1),(300,1),(1,2),(12,2),(13,2),(14,2),(15,2),(16,2),(19,2),(21,2),(23,2),(24,2),(25,2),(27,2),(28,2),(30,2),(37,2),(38,2),(39,2),(41,2),(43,2),(45,2),(49,2),(55,2),(58,2),(60,2),(66,2),(67,2),(68,2),(69,2),(72,2),(73,2),(74,2),(77,2),(85,2),(86,2),(89,2),(91,2),(96,2),(97,2),(102,2),(106,2),(113,2),(117,2),(119,2),(121,2),(128,2),(129,2),(130,2),(131,2),(132,2),(133,2),(137,2),(138,2),(143,2),(144,2),(145,2),(147,2),(150,2),(155,2),(158,2),(162,2),(163,2),(166,2),(168,2),(171,2),(174,2),(179,2),(184,2),(185,2),(187,2),(188,2),(189,2),(192,2),(194,2),(196,2),(199,2),(200,2),(201,2),(202,2),(205,2),(207,2),(210,2),(211,2),(216,2),(223,2),(225,2),(231,2),(232,2),(234,2),(235,2),(236,2),(237,2),(238,2),(240,2),(242,2),(244,2),(250,2),(260,2),(264,2),(270,2),(271,2),(273,2),(275,2),(278,2),(287,2),(300,2),(8,3),(11,3),(13,3),(14,3),(15,3),(16,3),(17,3),(18,3),(19,3),(20,3),(23,3),(25,3),(26,3),(27,3),(28,3),(33,3),(34,3),(39,3),(40,3),(41,3),(43,3),(44,3),(45,3),(46,3),(50,3),(51,3),(52,3),(53,3),(54,3),(56,3),(57,3),(60,3),(63,3),(65,3),(66,3),(67,3),(71,3),(74,3),(76,3),(77,3),(79,3),(80,3),(90,3),(91,3),(93,3),(101,3),(102,3),(103,3),(104,3),(106,3),(110,3),(112,3),(113,3),(114,3),(115,3),(117,3),(120,3),(121,3),(124,3),(127,3),(131,3),(132,3),(135,3),(136,3),(142,3),(144,3),(146,3),(147,3),(148,3),(149,3),(150,3),(152,3),(153,3),(157,3),(164,3),(165,3),(168,3),(170,3),(173,3),(178,3),(180,3),(182,3),(185,3),(188,3),(190,3),(199,3),(202,3),(204,3),(205,3),(206,3),(207,3),(213,3),(222,3),(224,3),(230,3),(232,3),(233,3),(235,3),(238,3),(241,3),(243,3),(244,3),(245,3),(246,3),(248,3),(249,3),(251,3),(267,3),(268,3),(269,3),(277,3),(279,3),(280,3),(283,3),(290,3),(293,3),(297,3),(298,3),(6,4),(8,4),(9,4),(21,4),(22,4),(26,4),(29,4),(31,4),(35,4),(46,4),(52,4),(53,4),(57,4),(59,4),(60,4),(64,4),(68,4),(70,4),(76,4),(78,4),(79,4),(80,4),(83,4),(85,4),(86,4),(94,4),(96,4),(98,4),(99,4),(100,4),(101,4),(103,4),(108,4),(111,4),(116,4),(117,4),(118,4),(120,4),(123,4),(128,4),(130,4),(138,4),(139,4),(140,4),(142,4),(149,4),(151,4),(156,4),(160,4),(161,4),(166,4),(167,4),(169,4),(172,4),(173,4),(174,4),(175,4),(178,4),(180,4),(186,4),(189,4),(190,4),(197,4),(198,4),(201,4),(210,4),(214,4),(215,4),(219,4),(220,4),(221,4),(222,4),(224,4),(226,4),(227,4),(228,4),(230,4),(232,4),(239,4),(241,4),(252,4),(253,4),(254,4),(256,4),(257,4),(258,4),(261,4),(262,4),(272,4),(274,4),(276,4),(284,4),(285,4),(288,4),(290,4),(293,4),(296,4),(2,5),(4,5),(5,5),(7,5),(9,5),(14,5),(15,5),(17,5),(18,5),(22,5),(30,5),(34,5),(37,5),(42,5),(43,5),(49,5),(50,5),(52,5),(56,5),(59,5),(64,5),(65,5),(67,5),(69,5),(71,5),(73,5),(75,5),(82,5),(87,5),(88,5),(90,5),(94,5),(100,5),(103,5),(107,5),(111,5),(113,5),(115,5),(118,5),(122,5),(123,5),(124,5),(125,5),(127,5),(129,5),(131,5),(134,5),(145,5),(146,5),(150,5),(154,5),(157,5),(159,5),(160,5),(161,5),(162,5),(171,5),(174,5),(175,5),(176,5),(177,5),(179,5),(181,5),(183,5),(187,5),(188,5),(192,5),(193,5),(194,5),(201,5),(208,5),(214,5),(215,5),(217,5),(225,5),(229,5),(231,5),(234,5),(236,5),(240,5),(243,5),(246,5),(247,5),(248,5),(263,5),(270,5),(272,5),(274,5),(275,5),(276,5),(281,5),(282,5),(291,5),(296,5),(1,6),(2,6),(3,6),(5,6),(6,6),(7,6),(12,6),(17,6),(23,6),(25,6),(32,6),(33,6),(36,6),(38,6),(39,6),(41,6),(42,6),(44,6),(46,6),(51,6),(56,6),(58,6),(61,6),(63,6),(75,6),(77,6),(79,6),(82,6),(86,6),(87,6),(89,6),(92,6),(93,6),(96,6),(98,6),(99,6),(100,6),(101,6),(104,6),(105,6),(109,6),(112,6),(119,6),(126,6),(134,6),(135,6),(139,6),(141,6),(146,6),(147,6),(148,6),(151,6),(153,6),(157,6),(158,6),(159,6),(162,6),(173,6),(176,6),(177,6),(184,6),(187,6),(191,6),(193,6),(195,6),(198,6),(200,6),(203,6),(205,6),(206,6),(207,6),(208,6),(209,6),(211,6),(212,6),(214,6),(221,6),(227,6),(233,6),(237,6),(239,6),(242,6),(243,6),(246,6),(247,6),(255,6),(262,6),(264,6),(265,6),(266,6),(267,6),(269,6),(278,6),(281,6),(286,6),(292,6),(294,6),(295,6),(299,6),(4,7),(7,7),(10,7),(12,7),(13,7),(18,7),(24,7),(29,7),(31,7),(35,7),(40,7),(45,7),(47,7),(48,7),(57,7),(62,7),(66,7),(69,7),(71,7),(73,7),(78,7),(81,7),(82,7),(83,7),(84,7),(87,7),(88,7),(92,7),(95,7),(97,7),(104,7),(107,7),(108,7),(109,7),(114,7),(115,7),(121,7),(122,7),(126,7),(128,7),(129,7),(133,7),(135,7),(137,7),(140,7),(142,7),(143,7),(145,7),(149,7),(151,7),(152,7),(153,7),(154,7),(155,7),(156,7),(163,7),(164,7),(165,7),(167,7),(172,7),(175,7),(179,7),(180,7),(181,7),(182,7),(183,7),(186,7),(191,7),(195,7),(196,7),(197,7),(198,7),(199,7),(200,7),(203,7),(204,7),(209,7),(211,7),(212,7),(213,7),(217,7),(219,7),(220,7),(223,7),(224,7),(226,7),(228,7),(229,7),(231,7),(235,7),(236,7),(237,7),(239,7),(244,7),(247,7),(249,7),(250,7),(251,7),(252,7),(253,7),(259,7),(260,7),(261,7),(263,7),(268,7),(271,7),(279,7),(287,7),(288,7),(289,7),(292,7),(295,7),(297,7),(299,7);
/*!40000 ALTER TABLE `member` ENABLE KEYS */;
UNLOCK TABLES;

--
-- Table structure for table `user`
--

DROP TABLE IF EXISTS `user`;
/*!40101 SET @saved_cs_client     = @@character_set_client */;
 SET character_set_client = utf8mb4 ;
CREATE TABLE `user` (
  `UserID` int(11) NOT NULL,
  `UserName` text,
  `Gender` text,
  `Age` int(11) DEFAULT NULL,
  `Email` text,
  `UserJoinDate` datetime DEFAULT NULL,
  PRIMARY KEY (`UserID`)
) ENGINE=InnoDB DEFAULT CHARSET=utf8mb4 COLLATE=utf8mb4_0900_ai_ci;
/*!40101 SET character_set_client = @saved_cs_client */;

--
-- Dumping data for table `user`
--

LOCK TABLES `user` WRITE;
/*!40000 ALTER TABLE `user` DISABLE KEYS */;
INSERT INTO `user` VALUES (1,'mbayldon0','F',70,'mhentzeler0@wisc.edu','2019-08-31 00:00:00'),(2,'ibeadon1','F',24,'tvanelli1@webnode.com','2019-08-13 00:00:00'),(3,'aforrest2','M',74,'fancliff2@shutterfly.com','2019-06-23 00:00:00'),(4,'hchazette3','M',60,'salbion3@apple.com','2019-06-17 00:00:00'),(5,'ggadman4','F',74,'jnolin4@hp.com','2019-08-05 00:00:00'),(6,'cfireman5','F',27,'rantal5@jigsy.com','2019-07-28 00:00:00'),(7,'sbyneth6','F',33,'mwimsett6@com.com','2019-07-07 00:00:00'),(8,'msandry7','F',29,'fsaturley7@adobe.com','2019-06-10 00:00:00'),(9,'ckarchowski8','F',23,'mdafydd8@tripadvisor.com','2019-07-25 00:00:00'),(10,'pmclachlan9','M',24,'adallosso9@unc.edu','2019-07-24 00:00:00'),(11,'mjacoxa','F',21,'mcatchpolea@over-blog.com','2019-07-30 00:00:00'),(12,'bdawidowiczb','M',16,'kweldb@wordpress.org','2019-06-03 00:00:00'),(13,'bcurlessc','M',18,'lhaltc@creativecommons.org','2019-06-17 00:00:00'),(14,'jtippled','F',68,'sspriddled@nps.gov','2019-07-16 00:00:00'),(15,'gstookese','M',26,'gdellcasae@storify.com','2019-06-11 00:00:00'),(16,'gstitwellf','F',46,'khellicarf@github.io','2019-08-01 00:00:00'),(17,'cklehyng','M',55,'dcribbing@tumblr.com','2019-08-05 00:00:00'),(18,'icanningh','M',55,'jbentkeh@economist.com','2019-07-07 00:00:00'),(19,'emoulesi','F',43,'tbowmakeri@wiley.com','2019-08-05 00:00:00'),(20,'tjacquotj','M',92,'gwhelpdalej@edublogs.org','2019-07-31 00:00:00'),(21,'bgregrk','M',60,'proserk@hp.com','2019-07-05 00:00:00'),(22,'dblampiedl','M',15,'lbyrdl@globo.com','2019-07-10 00:00:00'),(23,'pkingsnoadm','M',19,'sleideckerm@privacy.gov.au','2019-08-10 00:00:00'),(24,'bstodartn','M',92,'jlarderotn@fastcompany.com','2019-06-15 00:00:00'),(25,'vduigedo','F',90,'rmcilmorieo@amazon.co.jp','2019-06-23 00:00:00'),(26,'amowettp','M',37,'sescalerop@hc360.com','2019-07-13 00:00:00'),(27,'eabelsq','F',18,'wthechamq@nifty.com','2019-08-01 00:00:00'),(28,'mcotterillr','M',10,'kwenmanr@instagram.com','2019-08-17 00:00:00'),(29,'mommanneys','F',74,'koleszcuks@berkeley.edu','2019-08-31 00:00:00'),(30,'ssteinhamt','M',15,'jabramst@aboutads.info','2019-08-09 00:00:00'),(31,'vklieslu','F',79,'jmatthessenu@studiopress.com','2019-07-25 00:00:00'),(32,'dcloneyv','M',45,'acolenuttv@google.cn','2019-07-13 00:00:00'),(33,'akikkew','M',7,'acolbornw@blogspot.com','2019-07-09 00:00:00'),(34,'cdomenyx','F',62,'hcrohanx@purevolume.com','2019-06-22 00:00:00'),(35,'jmassoty','F',32,'lmapesy@is.gd','2019-07-06 00:00:00'),(36,'bcadremanz','F',84,'ddavanaz@yellowbook.com','2019-06-23 00:00:00'),(37,'gpudsall10','F',14,'rdavys10@squarespace.com','2019-08-01 00:00:00'),(38,'ekarpe11','M',58,'blamport11@adobe.com','2019-07-06 00:00:00'),(39,'ibaseke12','F',42,'gdorn12@si.edu','2019-06-11 00:00:00'),(40,'fokynsillaghe13','M',70,'wadan13@icq.com','2019-08-31 00:00:00'),(41,'ghawksworth14','M',55,'jyoselevitch14@myspace.com','2019-07-01 00:00:00'),(42,'cfutcher15','F',67,'jseemmonds15@google.de','2019-06-27 00:00:00'),(43,'chendrikse16','F',91,'csaintpierre16@typepad.com','2019-06-26 00:00:00'),(44,'shobson17','M',14,'balbrighton17@census.gov','2019-06-10 00:00:00'),(45,'gbraunroth18','F',68,'eloftus18@wordpress.com','2019-06-20 00:00:00'),(46,'lcammock19','M',99,'plound19@sohu.com','2019-08-29 00:00:00'),(47,'mlortz1a','M',90,'bepiscopio1a@baidu.com','2019-07-11 00:00:00'),(48,'kbenstead1b','F',23,'aledley1b@upenn.edu','2019-08-05 00:00:00'),(49,'ndiaper1c','M',71,'blaboune1c@twitpic.com','2019-06-14 00:00:00'),(50,'nwinterson1d','M',64,'spettie1d@xinhuanet.com','2019-08-01 00:00:00'),(51,'schellenham1e','F',58,'ecoltman1e@mit.edu','2019-07-01 00:00:00'),(52,'kpaulino1f','M',40,'alosebie1f@posterous.com','2019-06-12 00:00:00'),(53,'ohake1g','F',97,'pfist1g@senate.gov','2019-07-01 00:00:00'),(54,'csumner1h','M',93,'eboater1h@nytimes.com','2019-07-22 00:00:00'),(55,'rguillotin1i','M',74,'wlangstone1i@amazonaws.com','2019-08-10 00:00:00'),(56,'ibrager1j','M',81,'tbate1j@nymag.com','2019-07-28 00:00:00'),(57,'ccogle1k','M',91,'splum1k@nationalgeographic.com','2019-06-06 00:00:00'),(58,'dmcdonnell1l','M',50,'mslite1l@geocities.jp','2019-07-14 00:00:00'),(59,'dbootherstone1m','M',97,'mstory1m@cbsnews.com','2019-07-07 00:00:00'),(60,'aleward1n','M',60,'jshyre1n@tinypic.com','2019-07-16 00:00:00'),(61,'eolufsen1o','F',36,'gcawdell1o@artisteer.com','2019-08-16 00:00:00'),(62,'wpratty1p','M',91,'cbennitt1p@xing.com','2019-06-02 00:00:00'),(63,'gdabner1q','F',25,'rshugg1q@dyndns.org','2019-06-23 00:00:00'),(64,'tfuller1r','M',77,'dgodain1r@w3.org','2019-07-31 00:00:00'),(65,'chelder1s','F',65,'wmcquilliam1s@cnn.com','2019-07-26 00:00:00'),(66,'fnoads1t','M',13,'ecrinage1t@epa.gov','2019-07-26 00:00:00'),(67,'kwildgoose1u','F',27,'cferia1u@dion.ne.jp','2019-08-27 00:00:00'),(68,'ggosson1v','F',94,'jsnoad1v@berkeley.edu','2019-06-01 00:00:00'),(69,'wsollom1w','F',100,'vpuden1w@dagondesign.com','2019-07-05 00:00:00'),(70,'nkimmitt1x','M',75,'hmckilroe1x@google.co.uk','2019-06-09 00:00:00'),(71,'dtimcke1y','M',68,'pguerra1y@typepad.com','2019-08-24 00:00:00'),(72,'alambertson1z','F',97,'fdowne1z@economist.com','2019-06-06 00:00:00'),(73,'mrunciman20','F',90,'vbernardini20@alexa.com','2019-06-17 00:00:00'),(74,'uudell21','M',87,'ringerfield21@theguardian.com','2019-08-31 00:00:00'),(75,'rbonaire22','F',25,'dauden22@smh.com.au','2019-07-31 00:00:00'),(76,'lmosson23','F',72,'lbalaam23@simplemachines.org','2019-08-02 00:00:00'),(77,'bkildea24','F',41,'mricioppo24@ucoz.com','2019-07-19 00:00:00'),(78,'alettson25','M',34,'kmaurice25@independent.co.uk','2019-06-29 00:00:00'),(79,'etirte26','F',36,'lduny26@blogs.com','2019-07-07 00:00:00'),(80,'kpirson27','F',82,'adunguy27@mac.com','2019-07-06 00:00:00'),(81,'sduffield28','M',66,'kbelford28@topsy.com','2019-07-03 00:00:00'),(82,'dgearing29','M',24,'fwhitwam29@jimdo.com','2019-08-31 00:00:00'),(83,'afonquernie2a','F',50,'eboole2a@taobao.com','2019-08-27 00:00:00'),(84,'ypogg2b','M',81,'lbrome2b@hud.gov','2019-06-02 00:00:00'),(85,'wbegley2c','F',97,'lbertouloume2c@zdnet.com','2019-06-28 00:00:00'),(86,'cklesl2d','M',19,'rleuty2d@freewebs.com','2019-07-17 00:00:00'),(87,'mboothjarvis2e','F',49,'ginge2e@shareasale.com','2019-08-16 00:00:00'),(88,'nlomaz2f','M',72,'tbatten2f@senate.gov','2019-06-20 00:00:00'),(89,'amattia2g','M',73,'plarrad2g@about.me','2019-07-21 00:00:00'),(90,'elillyman2h','M',32,'aglyssanne2h@photobucket.com','2019-08-22 00:00:00'),(91,'diaduccelli2i','F',90,'mmaltster2i@indiatimes.com','2019-07-15 00:00:00'),(92,'jeveritt2j','M',16,'bkenefick2j@telegraph.co.uk','2019-06-07 00:00:00'),(93,'jfrost2k','F',55,'vtopper2k@tripod.com','2019-07-18 00:00:00'),(94,'rhansana2l','F',15,'lsibly2l@posterous.com','2019-08-15 00:00:00'),(95,'rbriffett2m','F',22,'rscothron2m@google.ca','2019-08-04 00:00:00'),(96,'eofallone2n','F',61,'dgleadle2n@opensource.org','2019-07-09 00:00:00'),(97,'mlacheze2o','F',97,'abecraft2o@admin.ch','2019-07-02 00:00:00'),(98,'rneathway2p','M',99,'hbricket2p@furl.net','2019-08-01 00:00:00'),(99,'ptuer2q','F',87,'osproson2q@huffingtonpost.com','2019-07-19 00:00:00'),(100,'slongstaffe2r','F',33,'lwhinray2r@cbc.ca','2019-08-08 00:00:00'),(101,'lartiss2s','M',41,'jcodd2s@dagondesign.com','2019-08-10 00:00:00'),(102,'jidwalevans2t','M',91,'mhigbin2t@quantcast.com','2019-06-26 00:00:00'),(103,'amacgiollapheadair2u','F',10,'wporkiss2u@icq.com','2019-06-11 00:00:00'),(104,'cbloxholm2v','M',48,'akearle2v@wp.com','2019-08-13 00:00:00'),(105,'rcookson2w','F',39,'fdionisi2w@icio.us','2019-08-18 00:00:00'),(106,'cbester2x','M',52,'fthynn2x@dedecms.com','2019-07-12 00:00:00'),(107,'fgolding2y','F',7,'thandaside2y@ca.gov','2019-08-06 00:00:00'),(108,'tgreenall2z','M',70,'mlambird2z@tiny.cc','2019-07-18 00:00:00'),(109,'cmaillard30','F',66,'fburnsall30@bloglines.com','2019-07-05 00:00:00'),(110,'rgwilym31','M',20,'fwoodyer31@goodreads.com','2019-07-09 00:00:00'),(111,'dmcgeffen32','M',22,'jroskams32@bloomberg.com','2019-07-02 00:00:00'),(112,'cbanville33','M',98,'cargile33@mlb.com','2019-08-03 00:00:00'),(113,'vpesik34','F',19,'acorteney34@npr.org','2019-08-14 00:00:00'),(114,'atodeo35','M',68,'dglendzer35@shutterfly.com','2019-07-04 00:00:00'),(115,'bcauson36','F',61,'lfurlong36@smugmug.com','2019-07-26 00:00:00'),(116,'tornils37','F',95,'wkrabbe37@soundcloud.com','2019-08-08 00:00:00'),(117,'htremellier38','F',86,'jwilshire38@dion.ne.jp','2019-07-11 00:00:00'),(118,'ldegliabbati39','F',34,'kpetrus39@phpbb.com','2019-06-27 00:00:00'),(119,'kmorris3a','M',28,'lchazotte3a@list-manage.com','2019-07-13 00:00:00'),(120,'jsalman3b','F',60,'gfilby3b@cam.ac.uk','2019-08-14 00:00:00'),(121,'dgaddas3c','F',7,'smullord3c@google.es','2019-07-14 00:00:00'),(122,'fhuchot3d','M',55,'cstemson3d@odnoklassniki.ru','2019-08-11 00:00:00'),(123,'tclarkson3e','M',67,'arenowden3e@amazon.com','2019-08-19 00:00:00'),(124,'jgoor3f','F',89,'mpottie3f@intel.com','2019-07-18 00:00:00'),(125,'lhawkins3g','M',68,'mkruse3g@psu.edu','2019-08-21 00:00:00'),(126,'hgrabb3h','F',72,'lgleed3h@europa.eu','2019-08-28 00:00:00'),(127,'zwoodyear3i','M',27,'hsmithyman3i@earthlink.net','2019-07-25 00:00:00'),(128,'tbeeton3j','M',18,'treiner3j@flickr.com','2019-08-15 00:00:00'),(129,'calderwick3k','F',33,'abox3k@purevolume.com','2019-08-04 00:00:00'),(130,'pcollister3l','M',37,'lswynfen3l@devhub.com','2019-08-16 00:00:00'),(131,'hhoffmann3m','M',64,'tcirlos3m@merriam-webster.com','2019-07-14 00:00:00'),(132,'emaccorley3n','F',96,'mphilippe3n@home.pl','2019-08-06 00:00:00'),(133,'mstolting3o','M',70,'hchisholme3o@huffingtonpost.com','2019-08-17 00:00:00'),(134,'jchartre3p','F',10,'cbertelet3p@walmart.com','2019-08-27 00:00:00'),(135,'gvasyunkin3q','F',78,'bparlour3q@vk.com','2019-08-30 00:00:00'),(136,'dtuftin3r','M',52,'vwhitwham3r@bbc.co.uk','2019-06-13 00:00:00'),(137,'cgreene3s','M',38,'nmahony3s@yahoo.co.jp','2019-08-29 00:00:00'),(138,'adimmick3t','M',46,'rdepper3t@tuttocitta.it','2019-08-19 00:00:00'),(139,'cfarnorth3u','M',75,'trenne3u@miibeian.gov.cn','2019-06-25 00:00:00'),(140,'sslot3v','F',22,'hrenard3v@bandcamp.com','2019-07-06 00:00:00'),(141,'yholleworth3w','F',27,'ldoyley3w@china.com.cn','2019-08-12 00:00:00'),(142,'kkingsmill3x','F',17,'hdrakers3x@sciencedirect.com','2019-07-03 00:00:00'),(143,'ukarran3y','M',21,'rvalente3y@jugem.jp','2019-07-26 00:00:00'),(144,'dchettoe3z','M',100,'sgue3z@japanpost.jp','2019-08-17 00:00:00'),(145,'hhenkens40','F',30,'lfreund40@flickr.com','2019-08-25 00:00:00'),(146,'brantoull41','F',92,'sdeantoni41@reference.com','2019-07-13 00:00:00'),(147,'bparysowna42','M',84,'wgodin42@tuttocitta.it','2019-07-28 00:00:00'),(148,'mdorsey43','F',11,'rnock43@whitehouse.gov','2019-07-27 00:00:00'),(149,'sbengochea44','F',66,'cmessent44@cdc.gov','2019-07-05 00:00:00'),(150,'nmcdougal45','M',28,'amckain45@deliciousdays.com','2019-08-30 00:00:00'),(151,'rdanes46','F',44,'eworrell46@dailymail.co.uk','2019-08-25 00:00:00'),(152,'aphidgin47','F',91,'amarchello47@rambler.ru','2019-07-26 00:00:00'),(153,'hluisetti48','F',15,'cmeade48@vinaora.com','2019-08-25 00:00:00'),(154,'bminet49','M',90,'ggarken49@ovh.net','2019-07-09 00:00:00'),(155,'mfery4a','M',66,'bheadford4a@sitemeter.com','2019-06-14 00:00:00'),(156,'gbillingsley4b','M',52,'sepp4b@meetup.com','2019-08-24 00:00:00'),(157,'nstarsmeare4c','F',87,'clangfitt4c@sakura.ne.jp','2019-06-06 00:00:00'),(158,'scoverdill4d','F',41,'gsancho4d@google.it','2019-07-26 00:00:00'),(159,'bbranwhite4e','F',49,'pcowen4e@printfriendly.com','2019-06-15 00:00:00'),(160,'kadran4f','F',20,'agrigorian4f@huffingtonpost.com','2019-08-16 00:00:00'),(161,'dbourdas4g','M',91,'arodgers4g@google.pl','2019-06-17 00:00:00'),(162,'cparks4h','M',91,'rgatley4h@storify.com','2019-07-31 00:00:00'),(163,'djolliffe4i','F',43,'sslowley4i@exblog.jp','2019-07-19 00:00:00'),(164,'ecloake4j','M',62,'whustler4j@shop-pro.jp','2019-06-16 00:00:00'),(165,'asharphouse4k','M',32,'hcamilletti4k@theatlantic.com','2019-08-03 00:00:00'),(166,'ngiriardelli4l','F',44,'aheersma4l@diigo.com','2019-07-28 00:00:00'),(167,'mnacci4m','M',97,'rgallacher4m@drupal.org','2019-08-28 00:00:00'),(168,'gwoollacott4n','M',78,'mallum4n@issuu.com','2019-08-21 00:00:00'),(169,'ghearn4o','M',67,'igarrique4o@angelfire.com','2019-07-22 00:00:00'),(170,'shenrionot4p','M',13,'hwilletts4p@toplist.cz','2019-07-10 00:00:00'),(171,'amccrostie4q','F',81,'mbleackley4q@sourceforge.net','2019-08-01 00:00:00'),(172,'mbastiman4r','M',47,'araulin4r@diigo.com','2019-08-19 00:00:00'),(173,'egrzes4s','M',11,'ctallyn4s@vk.com','2019-06-24 00:00:00'),(174,'rnesbitt4t','F',25,'hjatczak4t@cisco.com','2019-06-02 00:00:00'),(175,'kpocke4u','F',29,'bpolk4u@sciencedaily.com','2019-08-15 00:00:00'),(176,'gcridlan4v','M',42,'bdunkirk4v@last.fm','2019-07-26 00:00:00'),(177,'idiamond4w','M',23,'wollet4w@tumblr.com','2019-06-15 00:00:00'),(178,'dmcmenamin4x','M',64,'aariss4x@typepad.com','2019-07-25 00:00:00'),(179,'rblower4y','M',13,'amathivat4y@ft.com','2019-06-07 00:00:00'),(180,'ejepson4z','M',22,'gblacket4z@ft.com','2019-06-13 00:00:00'),(181,'rhallgough50','F',33,'ohayman50@ucsd.edu','2019-07-30 00:00:00'),(182,'mbolle51','F',64,'kbiddulph51@google.nl','2019-08-22 00:00:00'),(183,'kkropach52','F',59,'cburnel52@cnet.com','2019-08-24 00:00:00'),(184,'troscher53','M',96,'gferraro53@imdb.com','2019-08-30 00:00:00'),(185,'bcocks54','F',43,'avase54@feedburner.com','2019-06-30 00:00:00'),(186,'rchazelas55','M',82,'shindshaw55@sogou.com','2019-07-23 00:00:00'),(187,'ebaford56','F',39,'mpayze56@usa.gov','2019-07-25 00:00:00'),(188,'lraubenheimers57','F',68,'tpaddingdon57@51.la','2019-08-20 00:00:00'),(189,'ibentzen58','M',47,'sbeacom58@smugmug.com','2019-06-19 00:00:00'),(190,'pcoursor59','F',36,'dmarnes59@google.com.br','2019-06-22 00:00:00'),(191,'apressman5a','F',56,'etreske5a@un.org','2019-06-09 00:00:00'),(192,'fgoulder5b','F',9,'tbowen5b@statcounter.com','2019-06-13 00:00:00'),(193,'pamberg5c','F',89,'tosgardby5c@businesswire.com','2019-06-16 00:00:00'),(194,'smelvin5d','F',88,'mdeem5d@mit.edu','2019-07-08 00:00:00'),(195,'swrightem5e','F',98,'mmcteer5e@salon.com','2019-08-31 00:00:00'),(196,'rbarensky5f','F',82,'nsanbrooke5f@phoca.cz','2019-08-14 00:00:00'),(197,'btrayhorn5g','F',29,'gedgeon5g@wordpress.com','2019-08-11 00:00:00'),(198,'glockley5h','M',64,'ctracey5h@theglobeandmail.com','2019-08-02 00:00:00'),(199,'fodam5i','M',90,'cmully5i@vinaora.com','2019-06-04 00:00:00'),(200,'ecorde5j','M',78,'ncolaton5j@jiathis.com','2019-08-28 00:00:00'),(201,'mkrolman5k','F',18,'npapes5k@newyorker.com','2019-08-18 00:00:00'),(202,'csertin5l','F',46,'ggehricke5l@meetup.com','2019-07-26 00:00:00'),(203,'mhebblewaite5m','M',83,'twoodhead5m@cyberchimps.com','2019-07-27 00:00:00'),(204,'nginley5n','F',46,'tmayhew5n@posterous.com','2019-07-07 00:00:00'),(205,'npinnegar5o','F',79,'sjanikowski5o@yahoo.com','2019-07-10 00:00:00'),(206,'lerswell5p','M',51,'osymms5p@time.com','2019-07-16 00:00:00'),(207,'ipreshous5q','F',7,'rrodder5q@t-online.de','2019-06-18 00:00:00'),(208,'ahitcham5r','F',88,'zdmych5r@pinterest.com','2019-06-12 00:00:00'),(209,'isilverthorn5s','M',48,'achipman5s@behance.net','2019-08-19 00:00:00'),(210,'fartindale5t','M',5,'ocadwaladr5t@whitehouse.gov','2019-07-04 00:00:00'),(211,'vzorzoni5u','F',7,'cberthe5u@51.la','2019-07-20 00:00:00'),(212,'hgrimster5v','F',65,'lthay5v@paginegialle.it','2019-07-15 00:00:00'),(213,'ehenworth5w','F',97,'glonghorne5w@shinystat.com','2019-07-09 00:00:00'),(214,'eprescote5x','F',23,'bcocks5x@geocities.com','2019-08-24 00:00:00'),(215,'mpullen5y','F',23,'aalgar5y@dedecms.com','2019-08-26 00:00:00'),(216,'dvasenkov5z','M',41,'mzute5z@weebly.com','2019-07-01 00:00:00'),(217,'trobbe60','M',96,'avittori60@unblog.fr','2019-06-04 00:00:00'),(218,'fpizer61','F',67,'rprovest61@hc360.com','2019-06-18 00:00:00'),(219,'wmerveille62','M',45,'cpolye62@ustream.tv','2019-07-29 00:00:00'),(220,'dbloyes63','M',12,'lraithbie63@facebook.com','2019-06-09 00:00:00'),(221,'edonner64','F',24,'ypetti64@paypal.com','2019-08-03 00:00:00'),(222,'cwelsby65','F',5,'tmoakes65@bandcamp.com','2019-07-12 00:00:00'),(223,'vdyball66','F',45,'vreiners66@noaa.gov','2019-06-14 00:00:00'),(224,'jlewsy67','M',81,'lnern67@cnn.com','2019-06-01 00:00:00'),(225,'clanchbury68','F',39,'mperulli68@amazon.co.jp','2019-06-26 00:00:00'),(226,'pmalt69','M',85,'ebaleine69@skype.com','2019-07-05 00:00:00'),(227,'jricciardi6a','M',83,'rcast6a@weebly.com','2019-07-25 00:00:00'),(228,'jratledge6b','F',29,'mofallowne6b@arstechnica.com','2019-06-05 00:00:00'),(229,'hjellico6c','M',97,'wdowdney6c@pcworld.com','2019-06-24 00:00:00'),(230,'sportch6d','M',10,'hstedell6d@fda.gov','2019-07-24 00:00:00'),(231,'dvina6e','F',61,'kbeathem6e@blinklist.com','2019-06-03 00:00:00'),(232,'aquail6f','F',82,'wmuckle6f@shutterfly.com','2019-07-10 00:00:00'),(233,'jpridmore6g','F',50,'asushams6g@twitpic.com','2019-07-30 00:00:00'),(234,'dhitscher6h','M',74,'btumasian6h@ehow.com','2019-06-19 00:00:00'),(235,'wharbin6i','M',57,'goki6i@people.com.cn','2019-08-23 00:00:00'),(236,'nfullard6j','F',27,'alorenzetti6j@mit.edu','2019-06-05 00:00:00'),(237,'dshimmans6k','M',69,'alarwell6k@bluehost.com','2019-07-08 00:00:00'),(238,'adunaway6l','M',44,'mbagnell6l@tinypic.com','2019-06-23 00:00:00'),(239,'rvanbaaren6m','F',22,'kdomnick6m@altervista.org','2019-07-31 00:00:00'),(240,'snilles6n','M',49,'tsimonitto6n@bluehost.com','2019-08-05 00:00:00'),(241,'dmellers6o','M',17,'tpalister6o@unesco.org','2019-07-08 00:00:00'),(242,'dyuill6p','M',46,'mstoite6p@google.fr','2019-08-30 00:00:00'),(243,'rvuitton6q','F',70,'dlinstead6q@fema.gov','2019-08-30 00:00:00'),(244,'ritschakov6r','M',25,'llongbothom6r@wp.com','2019-08-10 00:00:00'),(245,'ldumphrey6s','M',7,'gbenzing6s@ucoz.ru','2019-06-01 00:00:00'),(246,'nfigge6t','M',68,'dphant6t@whitehouse.gov','2019-07-26 00:00:00'),(247,'mmccuaig6u','M',71,'lpeasee6u@smh.com.au','2019-08-12 00:00:00'),(248,'knorthill6v','F',98,'rtrainor6v@quantcast.com','2019-06-14 00:00:00'),(249,'wgrigson6w','F',77,'dfeechum6w@indiatimes.com','2019-08-15 00:00:00'),(250,'aricker6x','M',47,'bhidderley6x@exblog.jp','2019-06-16 00:00:00'),(251,'mnewbegin6y','F',79,'ssteet6y@4shared.com','2019-06-29 00:00:00'),(252,'rclaridge6z','M',82,'slefeuvre6z@nps.gov','2019-07-11 00:00:00'),(253,'mdewhurst70','F',78,'kbramley70@hc360.com','2019-06-17 00:00:00'),(254,'pwindus71','F',68,'crolph71@nhs.uk','2019-06-23 00:00:00'),(255,'emclugaish72','F',63,'maleksic72@csmonitor.com','2019-06-30 00:00:00'),(256,'jlowerson73','F',57,'srash73@dedecms.com','2019-08-01 00:00:00'),(257,'equincey74','M',74,'gemlin74@123-reg.co.uk','2019-06-05 00:00:00'),(258,'daguirrezabala75','F',92,'rharrower75@digg.com','2019-08-04 00:00:00'),(259,'mrissen76','M',23,'rszymanek76@ihg.com','2019-08-02 00:00:00'),(260,'wwynrahame77','F',41,'clynam77@epa.gov','2019-06-21 00:00:00'),(261,'mpeckitt78','M',16,'soxteby78@nhs.uk','2019-08-08 00:00:00'),(262,'rlynnitt79','F',74,'ggowthrop79@eventbrite.com','2019-08-08 00:00:00'),(263,'adewis7a','F',67,'dmorsey7a@techcrunch.com','2019-07-28 00:00:00'),(264,'tdumphries7b','F',11,'omcwaters7b@wufoo.com','2019-07-19 00:00:00'),(265,'mbunner7c','M',7,'wmularkey7c@slate.com','2019-07-28 00:00:00'),(266,'dflea7d','F',65,'jpowis7d@utexas.edu','2019-08-28 00:00:00'),(267,'nlorens7e','F',92,'mocorrane7e@pcworld.com','2019-08-20 00:00:00'),(268,'arosina7f','F',33,'yrowlin7f@xinhuanet.com','2019-06-14 00:00:00'),(269,'ahallbord7g','F',81,'bhrynczyk7g@miibeian.gov.cn','2019-07-01 00:00:00'),(270,'nconkling7h','M',39,'kisitt7h@sitemeter.com','2019-06-03 00:00:00'),(271,'cskells7i','M',5,'wrussilll7i@theguardian.com','2019-06-06 00:00:00'),(272,'elegalle7j','F',86,'codo7j@alibaba.com','2019-08-08 00:00:00'),(273,'hbrunesco7k','M',81,'ppero7k@imageshack.us','2019-07-29 00:00:00'),(274,'aaddicote7l','M',57,'fmoules7l@hhs.gov','2019-07-26 00:00:00'),(275,'kwragg7m','F',40,'mkollas7m@cpanel.net','2019-08-27 00:00:00'),(276,'shighwood7n','M',63,'bshillitto7n@techcrunch.com','2019-06-02 00:00:00'),(277,'sorae7o','M',38,'amusicka7o@utexas.edu','2019-06-16 00:00:00'),(278,'gdemerida7p','M',83,'dcoggin7p@g.co','2019-06-30 00:00:00'),(279,'jchang7q','M',27,'cwolters7q@scribd.com','2019-08-22 00:00:00'),(280,'bshakelady7r','M',64,'lfowle7r@pbs.org','2019-06-23 00:00:00'),(281,'theiner7s','M',8,'hsignore7s@booking.com','2019-06-12 00:00:00'),(282,'yboodle7t','F',83,'amcalinden7t@is.gd','2019-06-27 00:00:00'),(283,'bdavidavidovics7u','F',40,'abortoluzzi7u@intel.com','2019-08-20 00:00:00'),(284,'nroskelly7v','M',54,'slimeburner7v@taobao.com','2019-06-06 00:00:00'),(285,'boronan7w','F',65,'atebald7w@usda.gov','2019-06-11 00:00:00'),(286,'ksaffell7x','F',88,'ameece7x@virginia.edu','2019-07-08 00:00:00'),(287,'idoumerc7y','M',69,'myes7y@moonfruit.com','2019-08-15 00:00:00'),(288,'cneesam7z','M',82,'mbrignall7z@about.me','2019-06-21 00:00:00'),(289,'jmatusson80','F',71,'ccawkill80@jugem.jp','2019-06-10 00:00:00'),(290,'acloutt81','M',54,'rantonelli81@github.com','2019-07-20 00:00:00'),(291,'tmagee82','M',55,'esara82@toplist.cz','2019-06-26 00:00:00'),(292,'mstelfax83','M',80,'hmcbean83@amazonaws.com','2019-06-23 00:00:00'),(293,'rstarkings84','F',27,'kkipling84@msu.edu','2019-07-14 00:00:00'),(294,'mbernardino85','M',53,'kmetrick85@ow.ly','2019-06-06 00:00:00'),(295,'kclymo86','M',16,'pjedrych86@blinklist.com','2019-08-19 00:00:00'),(296,'hrehor87','M',42,'ecranidge87@theglobeandmail.com','2019-08-07 00:00:00'),(297,'rdyneley88','F',99,'jshawley88@1688.com','2019-07-25 00:00:00'),(298,'bbubbins89','F',27,'cfallows89@weebly.com','2019-06-26 00:00:00'),(299,'cruslinge8a','M',49,'hmatussevich8a@apache.org','2019-07-13 00:00:00'),(300,'ndobsons8b','F',14,'kamsden8b@mysql.com','2019-08-09 00:00:00');
/*!40000 ALTER TABLE `user` ENABLE KEYS */;
UNLOCK TABLES;

--
-- Table structure for table `user-challenge`
--

DROP TABLE IF EXISTS `user-challenge`;
/*!40101 SET @saved_cs_client     = @@character_set_client */;
 SET character_set_client = utf8mb4 ;
CREATE TABLE `user-challenge` (
  `UserID` int(11) NOT NULL,
  `ChallengeID` int(11) NOT NULL,
  PRIMARY KEY (`UserID`,`ChallengeID`),
  KEY `user-challenge_ChallengeID_idx` (`ChallengeID`),
  CONSTRAINT `user-challenge_ChallengeID` FOREIGN KEY (`ChallengeID`) REFERENCES `challenge` (`ChallengeID`) ON DELETE CASCADE ON UPDATE CASCADE,
  CONSTRAINT `user-challenge_UserID` FOREIGN KEY (`UserID`) REFERENCES `user` (`UserID`) ON DELETE CASCADE ON UPDATE CASCADE
) ENGINE=InnoDB DEFAULT CHARSET=utf8mb4 COLLATE=utf8mb4_0900_ai_ci;
/*!40101 SET character_set_client = @saved_cs_client */;

--
-- Dumping data for table `user-challenge`
--

LOCK TABLES `user-challenge` WRITE;
/*!40000 ALTER TABLE `user-challenge` DISABLE KEYS */;
INSERT INTO `user-challenge` VALUES (1,1),(9,1),(16,1),(20,1),(21,1),(26,1),(32,1),(34,1),(52,1),(62,1),(67,1),(68,1),(82,1),(89,1),(104,1),(115,1),(120,1),(134,1),(143,1),(145,1),(148,1),(174,1),(178,1),(180,1),(181,1),(185,1),(190,1),(197,1),(204,1),(207,1),(208,1),(209,1),(222,1),(223,1),(225,1),(27,2),(46,2),(70,2),(71,2),(72,2),(74,2),(75,2),(84,2),(85,2),(90,2),(92,2),(93,2),(94,2),(95,2),(99,2),(101,2),(119,2),(123,2),(128,2),(133,2),(138,2),(142,2),(179,2),(192,2),(193,2),(194,2),(196,2),(198,2),(211,2),(213,2),(214,2),(216,2),(220,2),(231,2),(232,2),(233,2),(5,3),(18,3),(33,3),(42,3),(44,3),(49,3),(56,3),(58,3),(59,3),(60,3),(69,3),(77,3),(88,3),(96,3),(108,3),(122,3),(125,3),(135,3),(136,3),(139,3),(159,3),(160,3),(166,3),(167,3),(176,3),(186,3),(202,3),(210,3),(215,3),(224,3),(227,3),(228,3),(229,3),(230,3),(234,3),(3,4),(6,4),(7,4),(10,4),(29,4),(37,4),(38,4),(45,4),(51,4),(53,4),(63,4),(66,4),(79,4),(80,4),(86,4),(98,4),(103,4),(111,4),(112,4),(121,4),(126,4),(141,4),(144,4),(152,4),(153,4),(162,4),(164,4),(168,4),(171,4),(172,4),(183,4),(184,4),(187,4),(200,4),(219,4),(11,5),(12,5),(15,5),(17,5),(24,5),(25,5),(36,5),(48,5),(55,5),(61,5),(64,5),(73,5),(97,5),(100,5),(102,5),(107,5),(114,5),(116,5),(132,5),(149,5),(150,5),(157,5),(163,5),(173,5),(188,5),(199,5),(201,5),(205,5),(206,5),(212,5),(218,5),(221,5),(226,5),(235,5),(8,6),(22,6),(40,6),(43,6),(57,6),(65,6),(81,6),(83,6),(105,6),(109,6),(113,6),(131,6),(137,6),(146,6),(147,6),(151,6),(154,6),(156,6),(161,6),(182,6),(191,6),(195,6),(2,7),(4,7),(13,7),(14,7),(19,7),(23,7),(28,7),(30,7),(31,7),(35,7),(39,7),(41,7),(47,7),(50,7),(54,7),(76,7),(78,7),(87,7),(91,7),(106,7),(110,7),(117,7),(118,7),(124,7),(127,7),(129,7),(130,7),(140,7),(155,7),(158,7),(165,7),(169,7),(170,7),(175,7),(177,7),(189,7),(203,7),(217,7);
/*!40000 ALTER TABLE `user-challenge` ENABLE KEYS */;
UNLOCK TABLES;
/*!40103 SET TIME_ZONE=@OLD_TIME_ZONE */;

/*!40101 SET SQL_MODE=@OLD_SQL_MODE */;
/*!40014 SET FOREIGN_KEY_CHECKS=@OLD_FOREIGN_KEY_CHECKS */;
/*!40014 SET UNIQUE_CHECKS=@OLD_UNIQUE_CHECKS */;
/*!40101 SET CHARACTER_SET_CLIENT=@OLD_CHARACTER_SET_CLIENT */;
/*!40101 SET CHARACTER_SET_RESULTS=@OLD_CHARACTER_SET_RESULTS */;
/*!40101 SET COLLATION_CONNECTION=@OLD_COLLATION_CONNECTION */;
/*!40111 SET SQL_NOTES=@OLD_SQL_NOTES */;

-- Dump completed on 2019-10-14 18:49:58
