ActivityID;ActivityDate;ActivityStartTime;ActivityDistance;ActivityDuration;ActivityName;ActivityType;ActivitySport;Description;PrivacyControls;UserID
1;2019/09/16 00:00:00;2:01:00;12.64;77.82;Energetic Race;Casual;Run;It went amazing.;Only Me;218
2;2019/09/04 00:00:00;20:03:00;19.88;113.31;Dreamy Scamper;Training;Run;It went fantastic.;Only Me;40
3;2019/09/21 00:00:00;5:48:00;4.68;27.97;Energetic Race;Casual;Run;It went fantastic!;Only Me;172
4;2019/09/18 00:00:00;8:20:00;8.88;66.58;Energetic Race;Casual;Run;It went great.;Everyone;25
5;2019/09/21 00:00:00;6:48:00;17.87;95.38;Dreamy Race;Training;Jog;It went fantastic!;Everyone;195
6;2019/09/20 00:00:00;6:50:00;4.58;29.6;Energetic Race;Casual;Jog;It went disastrous.;Only Me;158
7;2019/09/05 00:00:00;21:53:00;20.16;101.07;Energetic Race;Casual;Run;It went amazing!;Everyone;71
8;2019/09/13 00:00:00;9:05:00;9.33;48.43;Energetic Race;Training;Jog;It went fantastic.;Only Me;90
9;2019/10/01 00:00:00;10:43:00;1.32;9.98;Cheerful Race;Training;Run;It went fantastic!;Followers Only;58
10;2019/09/11 00:00:00;1:06:00;9.48;64.04;Energetic Race;Training;Jog;It went fantastic!;Followers Only;122
11;2019/09/06 00:00:00;8:09:00;0.03;3.18;Calm Scamper;Training;Run;It went fantastic!;Only Me;165
12;2019/09/03 00:00:00;22:28:00;13.22;126.27;Cheerful Race;Casual;Run;It went fantastic.;Only Me;126
13;2019/09/10 00:00:00;10:16:00;12.2;106.47;Energetic Scamper;Casual;Jog;It went fantastic.;Everyone;179
14;2019/09/15 00:00:00;14:27:00;9.98;70.61;Energetic Race;Training;Jog;It went fantastic.;Only Me;62
15;2019/09/11 00:00:00;2:46:00;1.03;5.3;Energetic Race;Training;Run;It went fantastic.;Only Me;251
16;2019/09/12 00:00:00;0:55:00;12.91;51.37;Cheerful Scamper;Casual;Jog;It went perfect!;Everyone;7
17;2019/09/26 00:00:00;3:27:00;6.9;51.04;Calm Race;Training;Jog;It went fantastic.;Followers Only;216
18;2019/09/25 00:00:00;1:05:00;10.27;51.9;Energetic Race;Casual;Jog;It went perfect.;Everyone;293
19;2019/09/21 00:00:00;18:04:00;13.88;75.49;Calm Race;Casual;Jog;It went amazing.;Only Me;73
20;2019/09/26 00:00:00;10:32:00;14.28;42.74;Dreamy Race;Training;Run;It went fantastic.;Everyone;134
21;2019/09/29 00:00:00;7:22:00;1.42;18.97;Energetic Scamper;Training;Jog;It went fantastic.;Followers Only;237
22;2019/09/02 00:00:00;1:20:00;9.07;51.19;Calm Scurry;Training;Jog;It went amazing!;Only Me;175
23;2019/09/24 00:00:00;0:27:00;18.96;165.92;Energetic Scurry;Casual;Run;It went fantastic.;Only Me;18
24;2019/09/04 00:00:00;9:20:00;8.91;30.9;Energetic Race;Casual;Run;It went well!;Followers Only;269
25;2019/09/22 00:00:00;1:51:00;5.71;58.07;Cheerful Race;Training;Run;It went perfect.;Only Me;89
26;2019/09/04 00:00:00;15:29:00;16.51;113.68;Energetic Race;Training;Run;It went fantastic.;Only Me;208
27;2019/09/12 00:00:00;8:50:00;13.26;118.84;Cheerful Race;Casual;Jog;It went fantastic.;Only Me;201
28;2019/09/01 00:00:00;21:11:00;9.76;72.36;Calm Scamper;Training;Run;It went perfect!;Everyone;187
29;2019/09/09 00:00:00;11:45:00;7.78;65.35;Cheerful Scamper;Casual;Run;It went fantastic.;Followers Only;67
30;2019/09/01 00:00:00;13:23:00;17.24;92.8;Energetic Race;Casual;Jog;It went well.;Only Me;247
31;2019/09/07 00:00:00;6:32:00;17.5;87.49;Energetic Gallop;Casual;Jog;It went perfect.;Followers Only;165
32;2019/09/24 00:00:00;1:41:00;20.81;156.66;Dreamy Scurry;Casual;Run;It went fantastic!;Everyone;112
33;2019/09/26 00:00:00;13:09:00;5.94;40.17;Dreamy Scurry;Training;Jog;It went fantastic.;Only Me;4
34;2019/09/25 00:00:00;21:49:00;16.12;84.72;Dreamy Scurry;Training;Run;It went fantastic!;Only Me;8
35;2019/09/08 00:00:00;16:22:00;0.13;8.88;Calm Scurry;Casual;Run;It went fantastic!;Followers Only;149
36;2019/09/29 00:00:00;0:42:00;1.17;15.8;Dreamy Scurry;Training;Run;It went fantastic.;Everyone;200
37;2019/09/09 00:00:00;9:29:00;5.36;36.33;Energetic Scurry;Casual;Run;It went fantastic!;Followers Only;59
38;2019/09/01 00:00:00;20:56:00;8.47;45.98;Energetic Race;Training;Jog;It went fantastic.;Everyone;59
39;2019/09/12 00:00:00;16:35:00;15.87;82.14;Energetic Scurry;Training;Jog;It went perfect!;Followers Only;16
40;2019/09/29 00:00:00;15:02:00;19.65;120.77;Energetic Race;Casual;Jog;It went fantastic!;Followers Only;61
41;2019/09/30 00:00:00;18:56:00;3.04;32.71;Dreamy Race;Casual;Run;It went amazing!;Followers Only;99
42;2019/09/18 00:00:00;15:26:00;13.78;90.99;Energetic Race;Casual;Run;It went fantastic!;Only Me;57
43;2019/09/14 00:00:00;13:23:00;14.26;133.67;Calm Race;Training;Jog;It went fantastic.;Followers Only;123
44;2019/09/09 00:00:00;17:45:00;20.25;162.6;Dreamy Scamper;Training;Run;It went fantastic!;Everyone;287
45;2019/09/11 00:00:00;15:32:00;9.79;55.25;Dreamy Race;Training;Run;It went fantastic.;Only Me;71
46;2019/09/19 00:00:00;6:24:00;10.92;76.41;Energetic Scamper;Training;Run;It went amazing!;Followers Only;131
47;2019/09/17 00:00:00;19:47:00;3.81;27.38;Dreamy Scurry;Training;Jog;It went fantastic.;Followers Only;237
48;2019/09/11 00:00:00;11:06:00;19.78;84.2;Calm Race;Casual;Jog;It went okay.;Everyone;296
49;2019/09/14 00:00:00;1:27:00;1.79;15.5;Energetic Race;Casual;Jog;It went perfect!;Everyone;191
50;2019/09/11 00:00:00;16:23:00;10.47;89.12;Energetic Race;Casual;Jog;It went fantastic!;Everyone;212
51;2019/09/16 00:00:00;18:21:00;19.89;155.29;Amusing Race;Training;Run;It went well.;Everyone;238
52;2019/09/14 00:00:00;22:53:00;15.38;66.87;Dreamy Race;Casual;Run;It went fantastic!;Everyone;279
53;2019/09/24 00:00:00;19:08:00;18.19;109.69;Dreamy Race;Casual;Jog;It went fantastic.;Only Me;144
54;2019/09/10 00:00:00;1:11:00;14.84;106.39;Energetic Scurry;Training;Run;It went perfect!;Only Me;249
55;2019/09/29 00:00:00;23:57:00;0.13;1.47;Energetic Gallop;Casual;Run;It went great!;Followers Only;216
56;2019/09/15 00:00:00;9:05:00;14.65;123.16;Dreamy Race;Training;Jog;It went fantastic.;Everyone;276
57;2019/09/12 00:00:00;8:44:00;12.61;110.14;Dreamy Scamper;Casual;Run;It went fantastic.;Only Me;274
58;2019/09/17 00:00:00;14:21:00;17.19;70.93;Dreamy Scamper;Casual;Jog;It went fantastic.;Everyone;94
59;2019/09/27 00:00:00;13:45:00;12.71;52.38;Energetic Race;Training;Run;It went fantastic!;Only Me;272
60;2019/09/17 00:00:00;17:22:00;20.22;166.33;Dreamy Scamper;Training;Jog;It went fantastic!;Followers Only;195
61;2019/09/09 00:00:00;6:54:00;5.71;36.94;Dreamy Race;Training;Jog;It went fantastic!;Only Me;290
62;2019/09/05 00:00:00;23:33:00;7.21;71.81;Energetic Race;Training;Run;It went fantastic.;Followers Only;205
63;2019/09/05 00:00:00;11:11:00;3.08;26.7;Calm Race;Training;Jog;It went fantastic.;Only Me;57
64;2019/10/01 00:00:00;1:24:00;7.11;43.98;Energetic Race;Training;Run;It went perfect.;Followers Only;267
65;2019/09/05 00:00:00;21:05:00;9.65;50.59;Blissful Race;Training;Run;It went perfect.;Followers Only;288
66;2019/09/14 00:00:00;18:57:00;12.96;43.07;Energetic Scamper;Casual;Run;It went fantastic.;Only Me;270
67;2019/09/08 00:00:00;11:19:00;15.15;85.8;Energetic Race;Training;Run;It went perfect.;Followers Only;184
68;2019/09/16 00:00:00;5:48:00;5.34;34.99;Energetic Scamper;Casual;Run;It went perfect!;Followers Only;146
69;2019/09/07 00:00:00;3:57:00;10.92;67.97;Cheerful Race;Training;Run;It went fantastic.;Only Me;111
70;2019/09/14 00:00:00;0:13:00;3.72;29.31;Energetic Race;Training;Jog;It went well!;Followers Only;202
71;2019/09/04 00:00:00;17:08:00;13.67;58.12;Dreamy Race;Training;Run;It went fantastic.;Followers Only;147
72;2019/09/25 00:00:00;13:01:00;17.6;123.56;Cheerful Scamper;Training;Run;It went amazing!;Only Me;171
73;2019/09/14 00:00:00;5:26:00;1.43;25.93;Cheerful Scurry;Training;Run;It went perfect!;Everyone;91
74;2019/09/23 00:00:00;1:13:00;20.23;95.86;Energetic Race;Casual;Run;It went fantastic!;Only Me;284
75;2019/09/28 00:00:00;23:50:00;12.39;111.27;Energetic Race;Training;Jog;It went great!;Everyone;120
76;2019/09/12 00:00:00;3:32:00;1.08;24.77;Blissful Scurry;Training;Run;It went fantastic.;Followers Only;275
77;2019/09/19 00:00:00;21:56:00;3.29;26.88;Dreamy Gallop;Training;Run;It went perfect!;Followers Only;175
78;2019/09/16 00:00:00;5:34:00;5.37;35.87;Amusing Scurry;Training;Run;It went fantastic.;Followers Only;266
79;2019/09/25 00:00:00;21:29:00;17.49;113.43;Energetic Race;Casual;Jog;It went fantastic.;Only Me;106
80;2019/09/03 00:00:00;1:54:00;10.79;83.38;Energetic Scamper;Training;Run;It went perfect.;Followers Only;250
81;2019/09/19 00:00:00;4:06:00;2.51;9.15;Amusing Race;Training;Jog;It went perfect.;Followers Only;114
82;2019/09/01 00:00:00;8:18:00;15.62;109.91;Calm Race;Casual;Jog;It went fantastic.;Everyone;289
83;2019/09/19 00:00:00;17:01:00;6.15;34.88;Cheerful Scamper;Training;Run;It went fantastic.;Everyone;31
84;2019/09/29 00:00:00;21:29:00;4.01;25.93;Cheerful Scamper;Training;Jog;It went fantastic.;Everyone;135
85;2019/09/16 00:00:00;13:50:00;20.74;70.44;Energetic Race;Casual;Jog;It went fantastic.;Followers Only;148
86;2019/09/24 00:00:00;1:16:00;7.92;24.39;Depressed Sprint;Casual;Run;It went great.;Followers Only;202
87;2019/10/01 00:00:00;21:53:00;14.96;130.31;Dreamy Race;Training;Run;It went great.;Only Me;24
88;2019/09/17 00:00:00;16:51:00;16.61;125.77;Dreamy Race;Casual;Run;It went fantastic.;Followers Only;100
89;2019/09/28 00:00:00;8:35:00;13.63;70.8;Dreamy Race;Casual;Run;It went bad.;Followers Only;190
90;2019/09/25 00:00:00;8:31:00;4.45;26.76;Dreamy Race;Training;Jog;It went fantastic.;Everyone;145
91;2019/09/18 00:00:00;15:38:00;8.94;45.49;Cheerful Scurry;Training;Run;It went fantastic.;Followers Only;226
92;2019/09/23 00:00:00;7:35:00;15.98;116.46;Energetic Scurry;Training;Jog;It went bad.;Only Me;203
93;2019/09/06 00:00:00;13:31:00;9.61;53.43;Energetic Scamper;Training;Jog;It went fantastic.;Followers Only;164
94;2019/09/26 00:00:00;21:07:00;18.44;65.61;Blissful Race;Training;Run;It went fantastic!;Only Me;97
95;2019/09/21 00:00:00;12:11:00;2.47;31.39;Calm Scamper;Training;Jog;It went perfect.;Followers Only;140
96;2019/09/25 00:00:00;0:24:00;6.26;34.35;Energetic Race;Casual;Run;It went great!;Followers Only;160
97;2019/09/13 00:00:00;17:35:00;20.74;121.55;Energetic Gallop;Casual;Run;It went fantastic.;Everyone;199
98;2019/09/14 00:00:00;11:15:00;7.29;42.11;Cheerful Race;Training;Jog;It went fantastic.;Followers Only;277
99;2019/09/05 00:00:00;10:11:00;20.37;108.26;Calm Race;Training;Jog;It went fantastic.;Only Me;11
100;2019/09/29 00:00:00;22:52:00;17.11;62.87;Dreamy Gallop;Training;Jog;It went well.;Only Me;41
101;2019/09/12 00:00:00;14:08:00;7.91;66.03;Energetic Race;Training;Jog;It went fantastic!;Followers Only;115
102;2019/09/01 00:00:00;17:47:00;1.46;22.67;Energetic Scamper;Casual;Run;It went amazing.;Everyone;86
103;2019/09/04 00:00:00;5:20:00;7.42;36.94;Dreamy Gallop;Casual;Jog;It went amazing!;Only Me;156
104;2019/10/01 00:00:00;10:09:00;19.94;137.24;Cheerful Journey;Casual;Run;It went fantastic.;Followers Only;89
105;2019/09/08 00:00:00;2:37:00;14.92;99.66;Cheerful Scamper;Casual;Jog;It went fantastic.;Followers Only;141
106;2019/09/22 00:00:00;1:22:00;3.84;37.28;Happy Scamper;Casual;Jog;It went fantastic!;Only Me;46
107;2019/09/01 00:00:00;6:43:00;6.96;52.75;Cheerful Scamper;Casual;Jog;It went perfect.;Only Me;216
108;2019/09/02 00:00:00;7:08:00;10.59;68.92;Dreamy Race;Casual;Run;It went fantastic.;Everyone;170
109;2019/09/14 00:00:00;19:16:00;6.35;47.11;Dreamy Scamper;Casual;Jog;It went amazing!;Followers Only;52
110;2019/09/18 00:00:00;20:45:00;8.28;37;Dreamy Sprint;Casual;Run;It went perfect!;Only Me;267
111;2019/09/27 00:00:00;18:36:00;4.14;22;Amusing Scamper;Casual;Jog;It went fantastic!;Everyone;35
112;2019/09/27 00:00:00;4:32:00;17.35;67.43;Blissful Scamper;Training;Run;It went amazing.;Followers Only;43
113;2019/09/24 00:00:00;17:05:00;10.4;56.99;Cheerful Race;Training;Jog;It went amazing!;Followers Only;161
114;2019/09/24 00:00:00;3:44:00;15.54;57.03;Dreamy Gallop;Casual;Jog;It went fantastic.;Everyone;179
115;2019/09/30 00:00:00;4:53:00;9.49;58.1;Energetic Scamper;Training;Run;It went fantastic!;Everyone;206
116;2019/09/08 00:00:00;15:47:00;19.28;151.78;Energetic Scamper;Training;Jog;It went perfect!;Only Me;103
117;2019/09/17 00:00:00;9:51:00;2.79;34.47;Calm Scurry;Casual;Jog;It went fantastic!;Only Me;282
118;2019/09/08 00:00:00;15:10:00;15.38;109.79;Energetic Gallop;Casual;Jog;It went fantastic!;Everyone;19
119;2019/09/15 00:00:00;17:12:00;16.63;92.16;Energetic Scamper;Training;Run;It went amazing.;Only Me;251
120;2019/09/12 00:00:00;3:40:00;1.6;15.79;Calm Scamper;Casual;Jog;It went perfect.;Everyone;149
121;2019/09/14 00:00:00;7:48:00;11.92;71.63;Cheerful Race;Casual;Jog;It went perfect.;Only Me;27
122;2019/09/23 00:00:00;7:18:00;5.23;33.85;Dreamy Race;Training;Jog;It went perfect!;Only Me;135
123;2019/09/20 00:00:00;11:25:00;12.73;92.42;Dreamy Scamper;Casual;Run;It went fantastic!;Everyone;66
124;2019/09/14 00:00:00;8:14:00;19.34;68.75;Dreamy Race;Training;Run;It went okay!;Followers Only;184
125;2019/09/27 00:00:00;15:59:00;17.74;112.59;Energetic Race;Casual;Jog;It went fantastic!;Only Me;84
126;2019/09/13 00:00:00;3:46:00;5.62;46.88;Amusing Race;Casual;Run;It went fantastic!;Followers Only;127
127;2019/09/20 00:00:00;4:02:00;8.45;71.64;Energetic Scurry;Casual;Jog;It went fantastic.;Only Me;215
128;2019/09/20 00:00:00;19:27:00;19.78;153.17;Energetic Race;Casual;Jog;It went perfect!;Everyone;74
129;2019/09/02 00:00:00;11:04:00;11.97;70.08;Energetic Race;Training;Jog;It went fantastic.;Followers Only;149
130;2019/09/03 00:00:00;15:15:00;6.56;52.88;Energetic Race;Casual;Run;It went fantastic!;Followers Only;68
131;2019/09/30 00:00:00;5:30:00;12.43;71.67;Dreamy Scurry;Training;Run;It went okay!;Everyone;204
132;2019/09/06 00:00:00;18:20:00;2.89;28.79;Energetic Scurry;Training;Jog;It went well!;Only Me;73
133;2019/09/12 00:00:00;11:55:00;19.81;151.35;Dreamy Scurry;Casual;Run;It went amazing.;Followers Only;288
134;2019/09/28 00:00:00;7:26:00;5.39;16.45;Energetic Gallop;Casual;Jog;It went amazing!;Only Me;106
135;2019/09/23 00:00:00;20:14:00;12.61;56.36;Cheerful Race;Casual;Jog;It went perfect.;Everyone;251
136;2019/09/18 00:00:00;20:19:00;17.97;141.72;Dreamy Scamper;Casual;Run;It went fantastic.;Everyone;49
137;2019/09/28 00:00:00;7:12:00;2.38;21.42;Dreamy Race;Casual;Run;It went fantastic.;Only Me;3
138;2019/09/19 00:00:00;5:31:00;3.41;21.68;Energetic Scurry;Casual;Run;It went amazing.;Everyone;45
139;2019/09/22 00:00:00;0:10:00;6.24;47.99;Energetic Race;Casual;Jog;It went perfect.;Only Me;27
140;2019/09/26 00:00:00;7:36:00;8.38;52.69;Dreamy Scamper;Casual;Jog;It went great!;Only Me;14
141;2019/09/24 00:00:00;23:05:00;12.32;43.8;Energetic Scamper;Training;Run;It went amazing!;Followers Only;21
142;2019/09/30 00:00:00;23:34:00;8.33;54.69;Dreamy Scamper;Training;Run;It went fantastic.;Only Me;165
143;2019/09/04 00:00:00;8:39:00;0.9;20.36;Energetic Gallop;Casual;Jog;It went perfect!;Followers Only;264
144;2019/09/10 00:00:00;7:29:00;10.66;46.8;Cheerful Scamper;Casual;Run;It went fantastic!;Everyone;130
145;2019/09/30 00:00:00;12:48:00;8.79;52.47;Dreamy Scurry;Training;Run;It went fantastic!;Only Me;252
146;2019/09/22 00:00:00;21:49:00;15.93;56.48;Dreamy Scamper;Casual;Run;It went great!;Everyone;47
147;2019/10/01 00:00:00;7:33:00;9.67;38.54;Energetic Race;Training;Run;It went perfect!;Followers Only;46
148;2019/09/13 00:00:00;14:45:00;6.52;59.63;Dreamy Scamper;Casual;Jog;It went perfect.;Only Me;240
149;2019/09/27 00:00:00;22:38:00;2.95;26.35;Energetic Gallop;Training;Run;It went fantastic!;Only Me;142
150;2019/09/14 00:00:00;4:41:00;8.47;74.35;Energetic Sprint;Training;Jog;It went perfect.;Only Me;167
151;2019/09/09 00:00:00;4:33:00;8.56;27.34;Cheerful Race;Casual;Jog;It went fantastic!;Followers Only;102
152;2019/09/06 00:00:00;7:58:00;6.14;48.61;Cheerful Scamper;Casual;Run;It went fantastic.;Everyone;54
153;2019/10/01 00:00:00;7:50:00;1.2;21.47;Energetic Gallop;Casual;Jog;It went well.;Everyone;21
154;2019/09/24 00:00:00;3:58:00;1.83;6.79;Energetic Gallop;Casual;Jog;It went fantastic.;Only Me;235
155;2019/09/15 00:00:00;5:32:00;12.05;76.35;Dreamy Scamper;Training;Run;It went perfect.;Everyone;46
156;2019/09/20 00:00:00;1:04:00;12.28;56.66;Energetic Race;Casual;Jog;It went fantastic.;Only Me;143
157;2019/09/13 00:00:00;20:22:00;3.81;21.14;Energetic Race;Training;Run;It went perfect!;Only Me;38
158;2019/09/21 00:00:00;6:23:00;8.08;39.61;Energetic Gallop;Casual;Run;It went amazing!;Followers Only;211
159;2019/09/05 00:00:00;23:02:00;16.41;90.62;Dreamy Scurry;Casual;Run;It went fantastic!;Only Me;228
160;2019/09/26 00:00:00;22:00:00;18.04;139.18;Dreamy Scamper;Training;Run;It went fantastic.;Followers Only;37
161;2019/09/02 00:00:00;3:49:00;1.98;19.84;Energetic Race;Casual;Run;It went fantastic.;Followers Only;180
162;2019/09/12 00:00:00;19:49:00;9.39;42.16;Energetic Race;Casual;Run;It went fantastic.;Everyone;23
163;2019/10/01 00:00:00;7:02:00;17.25;70.63;Dreamy Gallop;Training;Run;It went fantastic.;Followers Only;269
164;2019/09/11 00:00:00;8:48:00;14.84;139.22;Cheerful Scamper;Training;Jog;It went fantastic!;Only Me;226
165;2019/09/19 00:00:00;21:56:00;10.65;45.41;Energetic Scamper;Training;Run;It went fantastic!;Everyone;81
166;2019/09/21 00:00:00;23:22:00;16.38;111.49;Energetic Scamper;Training;Run;It went perfect.;Followers Only;247
167;2019/09/16 00:00:00;9:39:00;7.15;72.41;Cheerful Scamper;Training;Jog;It went fantastic.;Followers Only;277
168;2019/09/27 00:00:00;10:31:00;5.01;38.44;Energetic Race;Casual;Jog;It went fantastic.;Only Me;146
169;2019/09/02 00:00:00;18:51:00;4.74;51.15;Blissful Race;Training;Jog;It went fantastic!;Followers Only;215
170;2019/09/13 00:00:00;22:25:00;14.76;85.45;Dreamy Scamper;Training;Jog;It went great!;Followers Only;18
171;2019/09/11 00:00:00;20:36:00;1.17;20.99;Dreamy Race;Casual;Run;It went perfect.;Everyone;120
172;2019/09/29 00:00:00;23:08:00;13.93;99.87;Chill Scurry;Casual;Run;It went fantastic!;Followers Only;176
173;2019/09/18 00:00:00;16:40:00;7.21;67.35;Cheerful Race;Casual;Jog;It went fantastic.;Followers Only;112
174;2019/09/21 00:00:00;9:11:00;0.18;15.73;Energetic Scamper;Training;Jog;It went great.;Followers Only;241
175;2019/09/19 00:00:00;17:46:00;16.67;124.67;Dreamy Race;Casual;Jog;It went fantastic.;Only Me;127
176;2019/09/16 00:00:00;14:03:00;11.88;62.88;Dreamy Race;Casual;Jog;It went fantastic.;Everyone;97
177;2019/09/20 00:00:00;19:00:00;20.37;73.5;Calm Gallop;Training;Run;It went okay!;Followers Only;255
178;2019/09/10 00:00:00;2:08:00;17.99;103.75;Energetic Scamper;Casual;Jog;It went fantastic.;Everyone;24
179;2019/09/16 00:00:00;2:46:00;16.24;132.1;Blissful Scurry;Training;Run;It went great.;Followers Only;269
180;2019/09/06 00:00:00;15:29:00;4.53;29.93;Energetic Race;Casual;Jog;It went fantastic!;Followers Only;36
181;2019/09/13 00:00:00;19:20:00;16.58;123.79;Cheerful Scamper;Casual;Jog;It went amazing.;Everyone;278
182;2019/09/08 00:00:00;1:35:00;10.54;93.73;Calm Race;Casual;Jog;It went fantastic.;Everyone;25
183;2019/09/25 00:00:00;12:59:00;13.23;63.21;Cheerful Race;Training;Jog;It went perfect!;Followers Only;103
184;2019/09/20 00:00:00;6:47:00;3.78;42.15;Dreamy Scamper;Training;Run;It went amazing!;Only Me;237
185;2019/09/25 00:00:00;9:10:00;4.58;25.88;Energetic Scamper;Training;Jog;It went perfect!;Followers Only;216
186;2019/09/25 00:00:00;6:43:00;13.86;92.92;Calm Scurry;Training;Run;It went fantastic.;Everyone;162
187;2019/09/06 00:00:00;5:05:00;7.85;51.62;Amusing Race;Casual;Run;It went fantastic!;Followers Only;290
188;2019/09/19 00:00:00;10:59:00;0.22;15.72;Cheerful Scamper;Casual;Jog;It went perfect.;Followers Only;268
189;2019/09/14 00:00:00;12:58:00;10.74;63.62;Dreamy Scamper;Casual;Run;It went fantastic!;Followers Only;195
190;2019/09/04 00:00:00;14:34:00;11.64;99.56;Energetic Race;Training;Jog;It went amazing.;Followers Only;84
191;2019/09/05 00:00:00;19:04:00;19.01;88.65;Energetic Sprint;Training;Run;It went fantastic.;Everyone;49
192;2019/09/08 00:00:00;7:58:00;2.44;31.31;Energetic Race;Casual;Jog;It went perfect!;Only Me;140
193;2019/09/15 00:00:00;8:05:00;19.94;154.65;Dreamy Race;Casual;Run;It went perfect!;Followers Only;274
194;2019/09/27 00:00:00;9:06:00;19.19;151.6;Dreamy Scurry;Casual;Jog;It went fantastic!;Everyone;5
195;2019/09/24 00:00:00;3:43:00;19.92;148.63;Dreamy Scamper;Casual;Run;It went perfect!;Everyone;3
196;2019/09/12 00:00:00;0:41:00;9.8;71.61;Dreamy Race;Casual;Jog;It went fantastic!;Only Me;11
197;2019/10/01 00:00:00;1:12:00;7.33;37.42;Energetic Scamper;Training;Jog;It went amazing!;Only Me;64
198;2019/09/24 00:00:00;22:39:00;20.38;95.77;Energetic Scamper;Training;Run;It went fantastic!;Only Me;205
199;2019/09/23 00:00:00;13:30:00;1.27;7.35;Energetic Race;Training;Run;It went amazing!;Followers Only;286
200;2019/09/09 00:00:00;6:16:00;5.23;56.39;Energetic Scamper;Casual;Jog;It went great.;Only Me;90
201;2019/09/06 00:00:00;17:36:00;15.2;81.65;Energetic Gallop;Training;Run;It went fantastic!;Everyone;238
202;2019/09/04 00:00:00;10:06:00;14.1;118.3;Blissful Sprint;Casual;Run;It went fantastic!;Followers Only;190
203;2019/09/11 00:00:00;2:52:00;11.33;93.65;Dreamy Journey;Training;Jog;It went fantastic!;Everyone;67
204;2019/09/14 00:00:00;14:50:00;16.44;93.22;Energetic Scurry;Casual;Jog;It went fantastic!;Only Me;234
205;2019/09/03 00:00:00;21:20:00;11.85;88.58;Energetic Race;Casual;Jog;It went fantastic!;Followers Only;127
206;2019/09/12 00:00:00;5:53:00;20.81;174.34;Dreamy Scamper;Casual;Run;It went fantastic.;Everyone;82
207;2019/09/19 00:00:00;10:03:00;6.95;33.08;Energetic Race;Casual;Run;It went perfect.;Followers Only;8
208;2019/09/11 00:00:00;8:06:00;0.86;18.02;Energetic Race;Training;Jog;It went great.;Only Me;257
209;2019/09/05 00:00:00;1:52:00;18.94;85.16;Energetic Race;Casual;Jog;It went fantastic!;Only Me;243
210;2019/10/01 00:00:00;22:49:00;5.55;57.16;Energetic Scamper;Training;Jog;It went perfect.;Followers Only;176
211;2019/10/01 00:00:00;1:59:00;2;14.62;Dreamy Scamper;Training;Jog;It went perfect.;Followers Only;94
212;2019/09/03 00:00:00;16:31:00;4.67;37.62;Energetic Race;Training;Jog;It went fantastic!;Everyone;246
213;2019/09/06 00:00:00;13:56:00;14.42;73.48;Dreamy Race;Training;Run;It went great.;Only Me;278
214;2019/10/01 00:00:00;9:50:00;5.09;46.52;Energetic Scurry;Training;Jog;It went fantastic!;Followers Only;178
215;2019/09/14 00:00:00;17:25:00;14.08;70.49;Dreamy Race;Casual;Run;It went fantastic!;Everyone;291
216;2019/09/25 00:00:00;20:00:00;5.77;39.74;Energetic Race;Casual;Run;It went perfect.;Followers Only;30
217;2019/09/19 00:00:00;13:24:00;5.32;38.33;Calm Race;Casual;Run;It went amazing.;Only Me;198
218;2019/09/11 00:00:00;10:02:00;20.04;60.04;Cheerful Scamper;Training;Jog;It went amazing.;Followers Only;300
219;2019/09/18 00:00:00;12:49:00;12.9;102.42;Dreamy Race;Training;Run;It went fantastic.;Only Me;187
220;2019/09/25 00:00:00;23:57:00;14.42;101.02;Calm Scurry;Training;Jog;It went fantastic!;Everyone;104
221;2019/09/16 00:00:00;6:42:00;13.99;81.23;Energetic Race;Casual;Jog;It went fantastic.;Only Me;78
222;2019/09/29 00:00:00;7:02:00;7.23;40.86;Energetic Race;Casual;Jog;It went fantastic!;Followers Only;61
223;2019/09/14 00:00:00;6:24:00;13.73;64.13;Energetic Race;Training;Run;It went amazing!;Everyone;168
224;2019/09/29 00:00:00;0:12:00;19.83;156.1;Energetic Gallop;Casual;Jog;It went amazing.;Only Me;155
225;2019/09/09 00:00:00;0:56:00;2.68;34.67;Energetic Race;Casual;Run;It went amazing!;Only Me;13
226;2019/09/04 00:00:00;3:27:00;15.53;84.81;Energetic Scamper;Casual;Run;It went fantastic.;Everyone;96
227;2019/09/14 00:00:00;1:51:00;7.43;19.34;Calm Race;Casual;Jog;It went perfect.;Everyone;120
228;2019/09/22 00:00:00;17:26:00;19.23;160.55;Energetic Race;Casual;Jog;It went fantastic.;Only Me;178
229;2019/09/28 00:00:00;19:52:00;15.35;63.42;Energetic Race;Casual;Jog;It went amazing.;Everyone;67
230;2019/09/08 00:00:00;17:55:00;18.35;61.96;Energetic Scamper;Training;Jog;It went fantastic.;Everyone;105
231;2019/09/16 00:00:00;4:30:00;0.86;21.67;Energetic Scamper;Training;Jog;It went fantastic.;Only Me;185
232;2019/09/28 00:00:00;15:34:00;11.18;85.2;Energetic Scurry;Training;Jog;It went fantastic.;Everyone;42
233;2019/09/19 00:00:00;4:35:00;4.25;39.36;Dreamy Race;Training;Jog;It went amazing.;Everyone;24
234;2019/09/08 00:00:00;8:51:00;10.36;40.35;Energetic Race;Training;Run;It went amazing!;Only Me;126
235;2019/10/01 00:00:00;12:07:00;18.88;163.13;Cheerful Scamper;Training;Run;It went perfect.;Everyone;23
236;2019/09/10 00:00:00;20:38:00;5.92;41.89;Energetic Race;Training;Run;It went amazing!;Followers Only;297
237;2019/09/28 00:00:00;14:44:00;12.22;86.87;Cheerful Race;Casual;Jog;It went fantastic.;Only Me;111
238;2019/09/11 00:00:00;6:15:00;19.38;110.37;Calm Race;Training;Run;It went fantastic!;Only Me;179
239;2019/09/18 00:00:00;3:38:00;10.08;56.69;Dreamy Scamper;Casual;Jog;It went fantastic.;Only Me;98
240;2019/09/14 00:00:00;5:00:00;10.78;98.02;Energetic Scurry;Casual;Jog;It went fantastic.;Everyone;166
241;2019/09/07 00:00:00;19:02:00;4.82;37.17;Energetic Race;Casual;Jog;It went amazing!;Followers Only;72
242;2019/09/27 00:00:00;12:57:00;19.63;94.34;Dreamy Dash;Training;Jog;It went amazing!;Everyone;260
243;2019/09/14 00:00:00;23:17:00;12.29;61.47;Energetic Scamper;Casual;Run;It went fantastic!;Only Me;9
244;2019/09/14 00:00:00;4:15:00;13.02;111.67;Calm Scamper;Training;Jog;It went great.;Everyone;70
245;2019/09/04 00:00:00;15:33:00;0.78;9.05;Energetic Scamper;Training;Jog;It went fantastic.;Followers Only;129
246;2019/09/02 00:00:00;2:57:00;17.28;103.77;Calm Race;Casual;Run;It went fantastic.;Followers Only;275
247;2019/09/02 00:00:00;18:48:00;20.51;130.46;Energetic Journey;Training;Run;It went amazing!;Followers Only;206
248;2019/09/16 00:00:00;20:02:00;6.43;35.09;Cheerful Gallop;Training;Run;It went fantastic.;Followers Only;157
249;2019/09/14 00:00:00;18:38:00;8.71;56.75;Energetic Gallop;Casual;Run;It went perfect!;Followers Only;220
250;2019/09/30 00:00:00;0:27:00;16.56;112.46;Energetic Race;Training;Jog;It went fantastic!;Followers Only;266
251;2019/09/25 00:00:00;3:25:00;2.56;25.88;Energetic Race;Training;Run;It went fantastic!;Followers Only;242
252;2019/09/20 00:00:00;6:31:00;18.98;117.44;Dreamy Race;Training;Jog;It went perfect.;Followers Only;102
253;2019/09/07 00:00:00;10:17:00;19.25;134.28;Energetic Scamper;Training;Jog;It went bad!;Everyone;178
254;2019/09/29 00:00:00;17:23:00;20.37;176.32;Cheerful Race;Training;Jog;It went fantastic.;Everyone;296
255;2019/09/25 00:00:00;21:31:00;1.96;17.52;Energetic Race;Casual;Jog;It went perfect.;Followers Only;281
256;2019/09/09 00:00:00;12:34:00;15.78;137.38;Energetic Scamper;Casual;Run;It went amazing!;Everyone;191
257;2019/09/22 00:00:00;13:38:00;3.73;30.22;Dreamy Race;Casual;Run;It went fantastic.;Only Me;242
258;2019/09/14 00:00:00;12:29:00;12.72;122.44;Calm Gallop;Training;Jog;It went fantastic!;Followers Only;48
259;2019/09/06 00:00:00;23:14:00;2.32;7.76;Dreamy Race;Casual;Run;It went perfect!;Everyone;129
260;2019/09/30 00:00:00;13:58:00;13.54;67.78;Dreamy Scamper;Training;Jog;It went well.;Only Me;230
261;2019/09/29 00:00:00;17:21:00;20.29;129.22;Energetic Scamper;Training;Run;It went great!;Followers Only;199
262;2019/09/28 00:00:00;9:47:00;6.53;36.41;Dreamy Race;Casual;Run;It went perfect.;Only Me;144
263;2019/09/14 00:00:00;10:41:00;19.76;155.63;Energetic Race;Training;Run;It went perfect.;Only Me;149
264;2019/09/29 00:00:00;9:19:00;9.36;47.17;Dreamy Race;Training;Jog;It went perfect!;Only Me;147
265;2019/09/15 00:00:00;6:45:00;10;76.92;Energetic Gallop;Casual;Run;It went fantastic.;Followers Only;89
266;2019/09/04 00:00:00;4:29:00;18.24;112.82;Cheerful Race;Training;Jog;It went fantastic!;Followers Only;35
267;2019/09/16 00:00:00;17:32:00;7.51;64.05;Dreamy Race;Casual;Jog;It went amazing.;Followers Only;132
268;2019/09/30 00:00:00;17:59:00;17.76;99.95;Energetic Scurry;Casual;Run;It went fantastic!;Only Me;29
269;2019/10/01 00:00:00;14:19:00;8.58;70.07;Energetic Race;Training;Jog;It went amazing!;Only Me;9
270;2019/09/04 00:00:00;18:17:00;13.47;71.34;Energetic Sprint;Casual;Run;It went perfect.;Only Me;221
271;2019/09/28 00:00:00;7:47:00;19.01;143.45;Dreamy Race;Casual;Run;It went well.;Followers Only;11
272;2019/09/09 00:00:00;9:07:00;0.61;16.35;Chill Race;Casual;Jog;It went perfect.;Followers Only;256
273;2019/09/25 00:00:00;8:05:00;3.31;31.17;Calm Scurry;Training;Jog;It went amazing!;Everyone;300
274;2019/09/04 00:00:00;13:23:00;9.74;70.64;Energetic Scamper;Training;Jog;It went fantastic!;Followers Only;215
275;2019/09/19 00:00:00;10:27:00;19.67;94.45;Dreamy Race;Casual;Jog;It went amazing.;Everyone;61
276;2019/09/20 00:00:00;19:48:00;15.09;73.31;Energetic Gallop;Training;Jog;It went fantastic.;Only Me;236
277;2019/09/15 00:00:00;2:01:00;7.17;36.05;Dreamy Scurry;Casual;Jog;It went perfect.;Everyone;166
278;2019/10/01 00:00:00;9:37:00;20.32;89.58;Blissful Gallop;Training;Jog;It went perfect!;Followers Only;269
279;2019/09/25 00:00:00;23:54:00;4.64;27.14;Energetic Scamper;Casual;Jog;It went fantastic.;Everyone;4
280;2019/09/07 00:00:00;0:57:00;1.93;16.45;Energetic Race;Casual;Jog;It went perfect!;Only Me;188
281;2019/09/03 00:00:00;0:17:00;7.13;38.48;Energetic Gallop;Training;Jog;It went fantastic.;Only Me;219
282;2019/09/30 00:00:00;6:36:00;11.11;93.84;Dreamy Race;Casual;Jog;It went perfect!;Followers Only;248
283;2019/09/09 00:00:00;5:00:00;13.79;111.4;Dreamy Scamper;Training;Run;It went amazing!;Everyone;252
284;2019/09/29 00:00:00;4:02:00;5.73;33.4;Energetic Race;Casual;Run;It went perfect!;Everyone;32
285;2019/09/14 00:00:00;16:10:00;12.12;42.96;Amusing Gallop;Casual;Run;It went perfect!;Followers Only;87
286;2019/09/27 00:00:00;1:59:00;4.22;25.62;Energetic Race;Casual;Jog;It went great.;Everyone;18
287;2019/09/21 00:00:00;5:48:00;10;61.76;Energetic Scamper;Casual;Run;It went well!;Only Me;181
288;2019/09/21 00:00:00;19:53:00;1.83;24.71;Energetic Race;Training;Run;It went amazing.;Only Me;160
289;2019/09/14 00:00:00;11:37:00;0.56;22.41;Calm Scurry;Training;Jog;It went fantastic!;Only Me;244
290;2019/09/22 00:00:00;5:00:00;19.23;99.61;Dreamy Race;Training;Run;It went amazing!;Followers Only;133
291;2019/09/19 00:00:00;13:22:00;9.22;39.38;Energetic Race;Casual;Jog;It went amazing.;Followers Only;123
292;2019/09/15 00:00:00;16:04:00;14.35;101.33;Energetic Scurry;Training;Run;It went amazing.;Followers Only;26
293;2019/09/05 00:00:00;6:53:00;1.74;12.17;Energetic Race;Training;Run;It went amazing.;Followers Only;136
294;2019/09/19 00:00:00;3:29:00;0.64;12.97;Cheerful Scamper;Casual;Jog;It went perfect!;Everyone;31
295;2019/09/17 00:00:00;13:51:00;6.88;64.96;Energetic Gallop;Casual;Run;It went great.;Followers Only;157
296;2019/09/10 00:00:00;23:35:00;2.41;33.13;Dreamy Race;Casual;Run;It went fantastic.;Followers Only;235
297;2019/09/13 00:00:00;11:14:00;0.57;20.82;Energetic Race;Casual;Jog;It went fantastic.;Only Me;44
298;2019/09/17 00:00:00;6:13:00;3.35;37.78;Dreamy Race;Casual;Run;It went amazing!;Followers Only;121
299;2019/09/30 00:00:00;2:05:00;19.45;149.46;Dreamy Scurry;Training;Jog;It went well.;Everyone;188
300;2019/10/01 00:00:00;14:36:00;2.59;22.65;Energetic Race;Training;Run;It went fantastic.;Everyone;238
301;2019/09/18 00:00:00;0:17:00;15.8;93.12;Energetic Scamper;Casual;Run;It went well.;Everyone;12
302;2019/09/04 00:00:00;20:00:00;7.07;62.46;Energetic Race;Casual;Run;It went fantastic!;Only Me;28
303;2019/09/16 00:00:00;10:44:00;11.97;105.54;Energetic Sprint;Casual;Run;It went fantastic!;Followers Only;73
304;2019/09/10 00:00:00;13:35:00;12.92;109.68;Energetic Scamper;Training;Run;It went perfect!;Only Me;236
305;2019/09/03 00:00:00;12:48:00;7.29;40.91;Energetic Journey;Training;Jog;It went perfect.;Followers Only;231
306;2019/09/17 00:00:00;7:36:00;12.92;76.67;Cheerful Race;Training;Jog;It went fantastic!;Everyone;257
307;2019/09/27 00:00:00;2:23:00;1.54;19.5;Dreamy Scamper;Training;Jog;It went fantastic!;Only Me;43
308;2019/09/03 00:00:00;17:45:00;1.54;8.85;Amusing Race;Training;Run;It went fantastic!;Followers Only;201
309;2019/09/11 00:00:00;19:17:00;8.06;49.57;Cheerful Scamper;Training;Run;It went amazing!;Only Me;153
310;2019/09/05 00:00:00;11:48:00;12.29;73.36;Energetic Race;Training;Run;It went fantastic!;Only Me;248
311;2019/09/25 00:00:00;14:34:00;11.72;107.17;Energetic Scamper;Training;Jog;It went fantastic!;Followers Only;257
312;2019/09/22 00:00:00;4:16:00;19.27;97.84;Dreamy Scamper;Training;Run;It went perfect.;Followers Only;197
313;2019/09/20 00:00:00;15:45:00;17.85;102.98;Depressed Scurry;Training;Run;It went fantastic.;Followers Only;39
314;2019/10/01 00:00:00;18:11:00;14.44;54.87;Energetic Race;Training;Run;It went perfect.;Only Me;199
315;2019/09/28 00:00:00;8:31:00;20.5;134.85;Energetic Race;Training;Jog;It went fantastic.;Everyone;259
316;2019/09/30 00:00:00;20:12:00;15.78;125.27;Energetic Race;Training;Run;It went amazing.;Followers Only;131
317;2019/09/20 00:00:00;11:56:00;3.58;13.28;Energetic Scurry;Casual;Jog;It went fantastic!;Everyone;268
318;2019/09/17 00:00:00;19:41:00;11.39;65.4;Energetic Scamper;Training;Run;It went perfect!;Everyone;80
319;2019/09/16 00:00:00;20:37:00;9.19;56.03;Energetic Scurry;Training;Run;It went amazing.;Followers Only;104
320;2019/09/19 00:00:00;14:04:00;2.09;27.9;Energetic Race;Training;Jog;It went fantastic.;Everyone;138
321;2019/09/15 00:00:00;5:58:00;16.54;71.71;Energetic Scamper;Training;Run;It went fantastic.;Followers Only;77
322;2019/09/26 00:00:00;6:00:00;18.8;82.19;Cheerful Race;Casual;Run;It went bad.;Everyone;215
323;2019/09/16 00:00:00;17:51:00;17.61;98.02;Dreamy Race;Casual;Run;It went amazing.;Followers Only;295
324;2019/09/10 00:00:00;7:00:00;8.13;71.67;Cheerful Race;Casual;Jog;It went perfect.;Only Me;276
325;2019/09/17 00:00:00;14:24:00;15.54;114.54;Energetic Scurry;Training;Jog;It went great.;Everyone;252
326;2019/09/14 00:00:00;2:25:00;13.89;86.92;Cheerful Scamper;Training;Jog;It went fantastic.;Followers Only;8
327;2019/09/04 00:00:00;4:32:00;2.29;31.25;Dreamy Scurry;Casual;Jog;It went fantastic.;Everyone;161
328;2019/09/06 00:00:00;17:08:00;15.34;99.15;Dreamy Scurry;Training;Run;It went perfect.;Everyone;238
329;2019/09/19 00:00:00;6:29:00;15.35;59.37;Dreamy Race;Training;Run;It went perfect.;Only Me;10
330;2019/09/10 00:00:00;2:57:00;17.09;51.45;Cheerful Race;Casual;Jog;It went perfect!;Only Me;204
331;2019/09/08 00:00:00;15:48:00;19.8;80.75;Energetic Scamper;Casual;Jog;It went fantastic.;Followers Only;218
332;2019/09/30 00:00:00;7:32:00;1.74;27.84;Dreamy Race;Training;Run;It went perfect!;Only Me;151
333;2019/09/01 00:00:00;21:40:00;8.75;28.62;Dreamy Scurry;Casual;Jog;It went perfect.;Everyone;230
334;2019/09/26 00:00:00;19:28:00;15.48;132.29;Dreamy Gallop;Training;Run;It went fantastic.;Followers Only;94
335;2019/09/21 00:00:00;8:55:00;7.83;81.3;Energetic Scamper;Casual;Jog;It went perfect.;Only Me;182
336;2019/10/01 00:00:00;21:49:00;16.61;56.85;Energetic Scamper;Training;Jog;It went fantastic.;Only Me;125
337;2019/09/15 00:00:00;23:30:00;15.64;70.13;Energetic Race;Training;Jog;It went fantastic!;Followers Only;158
338;2019/10/01 00:00:00;16:55:00;12.81;56.53;Depressed Gallop;Casual;Jog;It went great.;Only Me;295
339;2019/09/27 00:00:00;15:28:00;6.04;35.59;Calm Gallop;Casual;Jog;It went perfect.;Followers Only;18
340;2019/09/29 00:00:00;22:57:00;2.9;24;Energetic Scamper;Training;Run;It went fantastic!;Everyone;241
341;2019/09/01 00:00:00;12:16:00;14.53;41.48;Blissful Gallop;Casual;Run;It went great.;Only Me;147
342;2019/09/18 00:00:00;14:22:00;5.79;44.34;Cheerful Race;Casual;Jog;It went fantastic!;Only Me;49
343;2019/09/11 00:00:00;8:43:00;12.44;116.69;Energetic Race;Training;Jog;It went perfect!;Followers Only;281
344;2019/09/10 00:00:00;22:32:00;10.26;42.04;Cheerful Gallop;Training;Jog;It went fantastic!;Only Me;70
345;2019/09/28 00:00:00;3:51:00;18.22;134.11;Energetic Race;Casual;Jog;It went fantastic.;Only Me;230
346;2019/09/29 00:00:00;15:57:00;12.48;43.68;Dreamy Race;Casual;Run;It went perfect!;Everyone;262
347;2019/09/26 00:00:00;4:38:00;13.28;99.37;Energetic Race;Casual;Jog;It went fantastic!;Only Me;140
348;2019/09/06 00:00:00;20:37:00;3.36;28.33;Dreamy Scurry;Training;Run;It went fantastic!;Everyone;191
349;2019/09/22 00:00:00;10:27:00;11.01;84.74;Cheerful Scamper;Training;Run;It went fantastic.;Followers Only;6
350;2019/09/18 00:00:00;18:37:00;17.24;103.61;Cheerful Scurry;Training;Run;It went fantastic!;Everyone;173
351;2019/09/21 00:00:00;5:17:00;3.68;28.94;Dreamy Race;Training;Jog;It went amazing.;Followers Only;64
352;2019/09/28 00:00:00;11:39:00;14.9;121.56;Energetic Race;Training;Jog;It went great.;Everyone;234
353;2019/09/02 00:00:00;12:13:00;16.37;49.84;Energetic Race;Training;Jog;It went fantastic!;Everyone;187
354;2019/09/12 00:00:00;1:39:00;12.97;81.88;Energetic Scamper;Training;Jog;It went perfect.;Followers Only;266
355;2019/09/17 00:00:00;4:59:00;9.76;59.92;Energetic Scurry;Training;Jog;It went fantastic!;Followers Only;2
356;2019/09/23 00:00:00;14:20:00;15.88;103.74;Dreamy Race;Training;Run;It went perfect!;Everyone;280
357;2019/09/19 00:00:00;3:25:00;2.49;28.57;Energetic Race;Casual;Jog;It went amazing!;Followers Only;18
358;2019/09/07 00:00:00;0:54:00;6.6;50.44;Calm Race;Casual;Jog;It went fantastic.;Everyone;163
359;2019/09/25 00:00:00;6:34:00;8.91;55.99;Cheerful Race;Training;Run;It went perfect.;Followers Only;147
360;2019/09/20 00:00:00;9:45:00;10.27;41.53;Energetic Race;Training;Jog;It went fantastic.;Everyone;28
361;2019/09/14 00:00:00;21:19:00;8.08;55.26;Energetic Race;Casual;Jog;It went fantastic.;Only Me;25
362;2019/09/21 00:00:00;18:42:00;3.49;30.6;Dreamy Scurry;Training;Jog;It went perfect.;Only Me;273
363;2019/09/16 00:00:00;16:23:00;15.66;58.79;Calm Race;Casual;Jog;It went fantastic!;Followers Only;80
364;2019/09/01 00:00:00;15:27:00;14.22;109.59;Energetic Race;Training;Run;It went perfect.;Everyone;234
365;2019/09/29 00:00:00;12:40:00;15.63;76.73;Energetic Race;Casual;Run;It went amazing.;Only Me;29
366;2019/09/27 00:00:00;1:30:00;19.35;142.51;Energetic Race;Training;Jog;It went fantastic!;Everyone;138
367;2019/09/21 00:00:00;20:04:00;17.42;130.27;Energetic Race;Casual;Run;It went perfect.;Only Me;147
368;2019/09/26 00:00:00;13:31:00;14.99;104.97;Energetic Scamper;Training;Jog;It went perfect!;Only Me;273
369;2019/09/11 00:00:00;9:02:00;8.87;86.8;Energetic Race;Training;Jog;It went great.;Everyone;263
370;2019/09/29 00:00:00;2:48:00;3.01;20.4;Energetic Race;Casual;Run;It went perfect.;Followers Only;154
371;2019/09/16 00:00:00;12:19:00;13.5;110.04;Energetic Race;Casual;Run;It went fantastic.;Everyone;210
372;2019/09/20 00:00:00;9:22:00;20.58;90.01;Energetic Race;Casual;Jog;It went fantastic.;Followers Only;268
373;2019/09/22 00:00:00;22:57:00;0.4;4.51;Energetic Race;Training;Jog;It went perfect.;Followers Only;276
374;2019/09/18 00:00:00;8:08:00;13.55;50.64;Energetic Race;Training;Jog;It went fantastic!;Only Me;277
375;2019/09/19 00:00:00;2:48:00;10.93;37.51;Cheerful Race;Training;Jog;It went fantastic.;Only Me;23
376;2019/09/28 00:00:00;1:59:00;12.91;43.35;Energetic Scamper;Casual;Run;It went well.;Everyone;13
377;2019/09/16 00:00:00;13:38:00;3.54;32.17;Cheerful Race;Training;Run;It went perfect.;Followers Only;145
378;2019/09/07 00:00:00;1:52:00;20.95;122.26;Cheerful Scamper;Training;Jog;It went perfect!;Followers Only;217
379;2019/09/13 00:00:00;17:53:00;17.16;82.73;Dreamy Race;Training;Run;It went amazing!;Only Me;245
380;2019/09/19 00:00:00;2:54:00;3.91;23.28;Calm Race;Training;Jog;It went great!;Only Me;148
381;2019/09/19 00:00:00;12:23:00;2.2;13.37;Dreamy Scurry;Training;Jog;It went amazing!;Followers Only;290
382;2019/09/29 00:00:00;21:07:00;13.54;109.72;Energetic Scamper;Training;Jog;It went fantastic.;Only Me;72
383;2019/09/16 00:00:00;18:09:00;17.63;115.95;Dreamy Race;Casual;Run;It went fantastic!;Only Me;67
384;2019/09/01 00:00:00;13:14:00;12.43;50.1;Cheerful Sprint;Training;Run;It went fantastic.;Followers Only;211
385;2019/09/20 00:00:00;9:28:00;0.89;12.71;Dreamy Scamper;Training;Jog;It went great.;Everyone;205
386;2019/09/11 00:00:00;23:22:00;10.45;74.89;Cheerful Race;Training;Jog;It went fantastic.;Only Me;19
387;2019/09/29 00:00:00;18:35:00;13.92;72.15;Energetic Scurry;Casual;Jog;It went perfect.;Only Me;124
388;2019/09/21 00:00:00;22:58:00;20.68;161.28;Energetic Race;Casual;Run;It went fantastic!;Followers Only;166
389;2019/09/09 00:00:00;3:44:00;19.43;84.27;Energetic Race;Casual;Jog;It went fantastic!;Only Me;268
390;2019/09/29 00:00:00;4:05:00;10.02;35.27;Dreamy Race;Training;Run;It went perfect.;Only Me;167
391;2019/09/12 00:00:00;18:12:00;9.8;57.73;Energetic Race;Casual;Jog;It went perfect.;Followers Only;125
392;2019/09/09 00:00:00;20:08:00;3.85;32.29;Energetic Scamper;Casual;Jog;It went fantastic.;Followers Only;114
393;2019/09/07 00:00:00;10:30:00;10.99;70.36;Blissful Race;Training;Run;It went amazing!;Only Me;41
394;2019/09/07 00:00:00;14:17:00;4.37;36.78;Energetic Race;Casual;Jog;It went fantastic.;Only Me;30
395;2019/09/16 00:00:00;10:09:00;20.66;126.92;Energetic Race;Training;Run;It went fantastic!;Followers Only;23
396;2019/09/11 00:00:00;11:25:00;18.09;139.73;Energetic Gallop;Training;Run;It went fantastic!;Only Me;236
397;2019/09/03 00:00:00;20:46:00;16.33;93.62;Energetic Race;Training;Run;It went fantastic!;Only Me;63
398;2019/09/10 00:00:00;6:53:00;6.97;49.56;Energetic Scurry;Training;Jog;It went amazing.;Everyone;54
399;2019/09/12 00:00:00;5:26:00;4.77;23.32;Calm Race;Casual;Run;It went fantastic!;Only Me;100
400;2019/09/02 00:00:00;5:58:00;19.5;66.92;Dreamy Gallop;Training;Jog;It went fantastic!;Only Me;128
401;2019/09/08 00:00:00;19:29:00;10.69;64.21;Energetic Scamper;Training;Jog;It went fantastic.;Followers Only;279
402;2019/09/01 00:00:00;2:16:00;20.67;123.87;Dreamy Scamper;Training;Run;It went perfect!;Everyone;59
403;2019/09/27 00:00:00;4:55:00;4.54;24.54;Dreamy Scamper;Training;Run;It went perfect.;Followers Only;184
404;2019/09/25 00:00:00;17:03:00;0.74;12.87;Energetic Race;Casual;Jog;It went perfect.;Followers Only;265
405;2019/09/03 00:00:00;6:56:00;6.47;36.2;Energetic Race;Training;Run;It went amazing!;Everyone;193
406;2019/09/01 00:00:00;5:49:00;16.14;144.69;Energetic Scamper;Training;Jog;It went perfect!;Everyone;117
407;2019/09/07 00:00:00;20:42:00;7.51;41.85;Cheerful Race;Training;Run;It went amazing.;Everyone;67
408;2019/09/15 00:00:00;23:35:00;3.65;44.26;Energetic Race;Training;Jog;It went fantastic!;Followers Only;239
409;2019/09/25 00:00:00;16:41:00;2.39;10.76;Energetic Race;Training;Jog;It went fantastic!;Followers Only;252
410;2019/09/21 00:00:00;14:24:00;11.69;36.99;Blissful Race;Training;Run;It went fantastic!;Everyone;182
411;2019/09/07 00:00:00;13:26:00;8.47;79.47;Energetic Scurry;Training;Run;It went fantastic.;Followers Only;108
412;2019/09/13 00:00:00;19:42:00;10.9;57.11;Cheerful Race;Casual;Run;It went perfect.;Followers Only;84
413;2019/09/26 00:00:00;9:51:00;9.37;52.14;Cheerful Scurry;Casual;Run;It went fantastic.;Only Me;285
414;2019/09/06 00:00:00;11:28:00;8.18;31.22;Energetic Race;Training;Run;It went fantastic.;Everyone;6
415;2019/09/02 00:00:00;11:46:00;6.93;56.66;Dreamy Race;Training;Run;It went great!;Everyone;30
416;2019/09/16 00:00:00;15:20:00;6.7;25.87;Energetic Scurry;Casual;Jog;It went perfect.;Only Me;131
417;2019/09/06 00:00:00;4:41:00;17.86;162.45;Calm Scamper;Training;Jog;It went fantastic.;Only Me;33
418;2019/09/15 00:00:00;5:36:00;17.49;72.66;Calm Gallop;Training;Run;It went fantastic!;Followers Only;71
419;2019/09/12 00:00:00;16:12:00;2.57;26.46;Energetic Scamper;Training;Run;It went okay.;Everyone;2
420;2019/09/18 00:00:00;8:45:00;16.92;88.95;Amusing Scurry;Training;Jog;It went perfect.;Only Me;10
421;2019/09/30 00:00:00;2:41:00;11.66;72.44;Dreamy Scurry;Casual;Jog;It went fantastic!;Followers Only;174
422;2019/09/01 00:00:00;18:11:00;3.7;23.29;Happy Dash;Casual;Run;It went amazing!;Followers Only;1
423;2019/09/18 00:00:00;19:15:00;17.14;141.4;Calm Race;Casual;Run;It went well!;Only Me;165
424;2019/09/13 00:00:00;5:32:00;19.39;65.96;Depressed Race;Casual;Jog;It went perfect!;Followers Only;102
425;2019/09/18 00:00:00;16:29:00;2.05;31.47;Energetic Scamper;Training;Run;It went fantastic.;Everyone;155
426;2019/09/07 00:00:00;15:46:00;2.72;33.95;Dreamy Scurry;Casual;Run;It went fantastic.;Everyone;110
427;2019/09/14 00:00:00;14:47:00;2.01;29.67;Energetic Gallop;Casual;Run;It went fantastic.;Everyone;103
428;2019/09/15 00:00:00;12:39:00;3.6;24.3;Energetic Race;Training;Run;It went great.;Everyone;13
429;2019/09/03 00:00:00;9:40:00;4.54;34.31;Calm Race;Training;Run;It went amazing.;Followers Only;205
430;2019/09/08 00:00:00;7:45:00;14.13;125.48;Dreamy Race;Training;Jog;It went fantastic.;Only Me;233
431;2019/09/25 00:00:00;0:50:00;17.32;153.27;Calm Scamper;Training;Jog;It went amazing.;Followers Only;60
432;2019/09/06 00:00:00;15:35:00;10.97;39.29;Energetic Race;Casual;Run;It went fantastic.;Followers Only;126
433;2019/09/26 00:00:00;3:29:00;11.14;47.53;Cheerful Scamper;Training;Run;It went amazing!;Followers Only;140
434;2019/09/11 00:00:00;4:49:00;16.62;112.64;Blissful Race;Training;Jog;It went perfect.;Everyone;89
435;2019/09/12 00:00:00;21:01:00;16.93;89.25;Cheerful Race;Casual;Jog;It went okay.;Followers Only;125
436;2019/09/18 00:00:00;4:53:00;9.25;53.15;Calm Scamper;Training;Run;It went fantastic.;Everyone;151
437;2019/09/03 00:00:00;3:22:00;15.43;68.17;Energetic Scamper;Casual;Jog;It went fantastic!;Followers Only;109
438;2019/09/22 00:00:00;23:51:00;13.77;66.68;Energetic Race;Casual;Run;It went amazing.;Only Me;289
439;2019/09/30 00:00:00;18:24:00;4.8;33.76;Dreamy Race;Casual;Run;It went perfect.;Everyone;49
440;2019/09/19 00:00:00;0:13:00;19.92;167.02;Energetic Race;Training;Run;It went fantastic.;Everyone;257
441;2019/09/05 00:00:00;17:32:00;19.9;90.58;Dreamy Race;Training;Run;It went fantastic.;Followers Only;105
442;2019/09/15 00:00:00;10:53:00;15.16;90.59;Energetic Race;Casual;Jog;It went fantastic!;Everyone;281
443;2019/09/28 00:00:00;15:02:00;13.53;77.96;Calm Scurry;Casual;Jog;It went perfect.;Everyone;199
444;2019/09/19 00:00:00;2:10:00;13.74;83.95;Energetic Scamper;Casual;Jog;It went amazing!;Everyone;292
445;2019/09/23 00:00:00;8:52:00;19.87;88.82;Energetic Journey;Training;Jog;It went perfect!;Followers Only;25
446;2019/10/01 00:00:00;19:58:00;0.44;17.68;Blissful Race;Training;Run;It went fantastic.;Only Me;187
447;2019/09/15 00:00:00;8:54:00;15.52;112.95;Energetic Race;Casual;Jog;It went perfect!;Only Me;125
448;2019/09/01 00:00:00;9:20:00;2.41;13.87;Energetic Scurry;Casual;Jog;It went fantastic.;Followers Only;243
449;2019/09/06 00:00:00;15:48:00;4.7;27.45;Blissful Race;Training;Jog;It went fantastic.;Everyone;55
450;2019/10/01 00:00:00;5:28:00;13.44;75.42;Energetic Scamper;Training;Jog;It went fantastic!;Only Me;291
451;2019/09/06 00:00:00;6:12:00;0.26;17.71;Dreamy Scurry;Casual;Run;It went fantastic.;Only Me;189
452;2019/09/19 00:00:00;12:10:00;12.48;67.81;Energetic Scamper;Casual;Jog;It went fantastic.;Everyone;100
453;2019/09/29 00:00:00;10:45:00;19.78;98.72;Energetic Race;Casual;Jog;It went fantastic!;Only Me;55
454;2019/09/26 00:00:00;8:03:00;9.05;47.62;Dreamy Race;Casual;Jog;It went perfect!;Only Me;168
455;2019/09/04 00:00:00;16:35:00;17.43;108.99;Energetic Race;Training;Jog;It went fantastic.;Only Me;170
456;2019/09/08 00:00:00;15:00:00;11.98;52.19;Energetic Scurry;Training;Run;It went perfect!;Everyone;46
457;2019/09/15 00:00:00;17:09:00;0.39;6.84;Dreamy Race;Training;Jog;It went amazing.;Only Me;26
458;2019/09/15 00:00:00;2:27:00;6.53;38.47;Energetic Scamper;Training;Run;It went perfect!;Everyone;128
459;2019/09/07 00:00:00;10:21:00;16.48;109.61;Energetic Sprint;Training;Run;It went well.;Followers Only;44
460;2019/09/27 00:00:00;16:10:00;7.03;41.84;Energetic Race;Training;Run;It went fantastic!;Only Me;275
461;2019/09/19 00:00:00;22:48:00;5.03;25.07;Dreamy Scurry;Casual;Run;It went fantastic!;Everyone;184
462;2019/09/23 00:00:00;0:42:00;6.89;39.3;Dreamy Race;Casual;Jog;It went perfect!;Only Me;300
463;2019/09/12 00:00:00;5:40:00;13.28;57.67;Cheerful Race;Casual;Jog;It went fantastic!;Only Me;28
464;2019/09/17 00:00:00;2:03:00;6.22;40.18;Energetic Race;Training;Jog;It went fantastic.;Everyone;200
465;2019/09/27 00:00:00;7:57:00;18.8;119.83;Energetic Scamper;Training;Run;It went perfect.;Followers Only;152
466;2019/09/01 00:00:00;7:06:00;19.55;103.96;Dreamy Race;Casual;Jog;It went fantastic!;Only Me;52
467;2019/09/18 00:00:00;1:37:00;7.48;54.53;Energetic Scamper;Training;Run;It went fantastic.;Everyone;160
468;2019/09/15 00:00:00;16:26:00;8.6;73.08;Energetic Race;Casual;Run;It went fantastic!;Only Me;164
469;2019/09/26 00:00:00;1:37:00;18.28;150.27;Energetic Race;Casual;Run;It went fantastic.;Everyone;260
470;2019/09/15 00:00:00;15:47:00;8.58;77.67;Energetic Scamper;Training;Jog;It went perfect.;Only Me;87
471;2019/09/14 00:00:00;23:08:00;20.47;160.7;Sad Gallop;Training;Jog;It went well.;Only Me;241
472;2019/09/15 00:00:00;7:29:00;1.21;9.9;Dreamy Race;Casual;Run;It went amazing!;Only Me;148
473;2019/09/17 00:00:00;10:24:00;20.38;177.48;Energetic Race;Casual;Run;It went great.;Followers Only;55
474;2019/09/25 00:00:00;18:59:00;18.55;113.11;Chill Race;Casual;Jog;It went perfect.;Everyone;259
475;2019/09/13 00:00:00;20:41:00;11.39;71.04;Dreamy Race;Casual;Jog;It went perfect.;Only Me;251
476;2019/09/16 00:00:00;17:50:00;2.45;7.69;Cheerful Race;Training;Jog;It went fantastic.;Followers Only;36
477;2019/09/04 00:00:00;18:21:00;3.83;40.86;Energetic Scurry;Training;Jog;It went fantastic!;Followers Only;5
478;2019/09/30 00:00:00;18:41:00;20.13;102.94;Dreamy Scamper;Casual;Jog;It went perfect.;Only Me;27
479;2019/09/21 00:00:00;2:23:00;18.39;129.64;Dreamy Scamper;Training;Run;It went great.;Everyone;268
480;2019/09/18 00:00:00;22:10:00;9.73;47.29;Dreamy Race;Casual;Jog;It went fantastic.;Only Me;162
481;2019/09/24 00:00:00;20:45:00;17.71;76.09;Amusing Race;Training;Run;It went fantastic!;Followers Only;256
482;2019/09/13 00:00:00;9:04:00;0.88;4.91;Cheerful Scamper;Training;Run;It went great.;Followers Only;58
483;2019/09/09 00:00:00;20:48:00;19.09;140.19;Energetic Scamper;Casual;Run;It went perfect.;Everyone;273
484;2019/09/03 00:00:00;22:46:00;15.17;93.24;Calm Sprint;Casual;Jog;It went perfect.;Everyone;247
485;2019/09/03 00:00:00;6:02:00;10.78;35.12;Energetic Scamper;Training;Jog;It went fantastic!;Everyone;232
486;2019/09/06 00:00:00;19:11:00;0.86;17.57;Energetic Route;Training;Jog;It went fantastic!;Only Me;198
487;2019/09/08 00:00:00;10:06:00;9.72;44.73;Energetic Race;Training;Run;It went fantastic!;Followers Only;234
488;2019/09/01 00:00:00;8:32:00;5.99;53.15;Energetic Scamper;Casual;Run;It went fantastic!;Only Me;241
489;2019/09/08 00:00:00;9:34:00;16.79;83.62;Cheerful Race;Casual;Run;It went perfect!;Followers Only;34
490;2019/09/04 00:00:00;11:46:00;1.63;11.53;Energetic Scamper;Casual;Run;It went amazing.;Everyone;118
491;2019/09/04 00:00:00;8:50:00;19.19;100.7;Energetic Scurry;Training;Run;It went perfect!;Followers Only;267
492;2019/09/19 00:00:00;10:38:00;8.54;49.76;Energetic Scurry;Casual;Run;It went well!;Only Me;299
493;2019/09/15 00:00:00;13:08:00;17.07;88.14;Energetic Race;Casual;Run;It went fantastic!;Followers Only;298
494;2019/09/03 00:00:00;14:30:00;16.18;84.73;Calm Race;Training;Run;It went fantastic.;Only Me;40
495;2019/09/01 00:00:00;13:31:00;20.78;109.91;Calm Race;Training;Jog;It went fantastic.;Everyone;61
496;2019/09/14 00:00:00;6:19:00;5.08;43.01;Dreamy Scamper;Training;Jog;It went fantastic.;Followers Only;277
497;2019/09/03 00:00:00;8:46:00;14.7;99.42;Energetic Dash;Training;Jog;It went perfect.;Only Me;41
498;2019/09/11 00:00:00;11:04:00;12.16;71.06;Dreamy Race;Casual;Jog;It went fantastic!;Followers Only;192
499;2019/09/23 00:00:00;10:34:00;18.76;62.16;Energetic Scamper;Training;Run;It went well!;Everyone;129
500;2019/09/22 00:00:00;4:10:00;17.87;132.58;Energetic Scamper;Casual;Jog;It went okay.;Followers Only;83
