CommentID;CommentContent;UserID;ActivityID
1;Congrats Hank! You did great!;124;87
2;Congrats Cyrus! You did great!;209;217
3;Congrats Eliz! You did great!;20;206
4;Congrats Blanca! You did great!;139;278
5;Congrats Nolan! You did great!;168;256
6;Congrats Zackary! You did great!;256;199
7;Congrats Samuel! You did great!;295;67
8;Congrats Rueben! You did great!;217;123
9;Congrats Duane! You did great!;14;78
10;Congrats Trevor! You did great!;289;218
11;Congrats Wade! You did great!;26;205
12;Congrats Susanna! You did great!;283;29
13;Congrats Josh! You did great!;215;216
14;Congrats Mendy! You did great!;27;219
15;Congrats Matilda! You did great!;16;259
16;Congrats Elmer! You did great!;249;215
17;Congrats Enoch! You did great!;272;156
18;Congrats Elsy! You did great!;285;268
19;Congrats Cody! You did great!;174;149
20;Congrats Darius! You did great!;8;168
21;Congrats Rodrick! You did great!;190;259
22;Congrats Claire! You did great!;269;221
23;Congrats Maryetta! You did great!;108;109
24;Congrats Carlena! You did great!;277;266
25;Congrats Emanuel! You did great!;49;236
26;Congrats Lincoln! You did great!;144;211
27;Congrats Nicolette! You did great!;200;215
28;Congrats Dorris! You did great!;202;148
29;Congrats Fae! You did great!;154;58
30;Congrats Jessie! You did great!;288;144
31;Congrats Denisse! You did great!;32;238
32;Congrats Wilford! You did great!;75;191
33;Congrats Roberto! You did great!;104;100
34;Congrats Daryl! You did great!;181;202
35;Congrats Sparkle! You did great!;267;288
36;Congrats Cary! You did great!;284;78
37;Congrats Nakesha! You did great!;9;126
38;Congrats Wilber! You did great!;210;233
39;Congrats Victor! You did great!;211;233
40;Congrats Susanne! You did great!;230;18
41;Congrats Judson! You did great!;164;138
42;Congrats Derrick! You did great!;41;280
43;Congrats Rene! You did great!;99;195
44;Congrats Regan! You did great!;228;154
45;Congrats Vennie! You did great!;157;74
46;Congrats Merrill! You did great!;253;125
47;Congrats Ariel! You did great!;295;143
48;Congrats Emiko! You did great!;265;234
49;Congrats Glendora! You did great!;1;86
50;Congrats Rosann! You did great!;235;41
51;Congrats Abraham! You did great!;231;182
52;Congrats Sheryl! You did great!;92;132
53;Congrats Carolann! You did great!;258;291
54;Congrats May! You did great!;147;78
55;Congrats Berry! You did great!;209;90
56;Congrats Teresita! You did great!;292;175
57;Congrats Shameka! You did great!;129;233
58;Congrats Ai! You did great!;94;18
59;Congrats Mckinley! You did great!;226;199
60;Congrats Justin! You did great!;115;238
61;Congrats Del! You did great!;242;204
62;Congrats Marcelle! You did great!;162;25
63;Congrats Nathaniel! You did great!;26;284
64;Congrats Chuck! You did great!;119;12
65;Congrats Evonne! You did great!;34;123
66;Congrats Mike! You did great!;24;64
67;Congrats Martin! You did great!;166;158
68;Congrats Denver! You did great!;131;61
69;Congrats Salvatore! You did great!;196;205
70;Congrats Charlie! You did great!;85;173
71;Congrats Bradly! You did great!;111;149
72;Congrats Gayla! You did great!;290;146
73;Congrats Domitila! You did great!;236;40
74;Congrats Lionel! You did great!;97;73
75;Congrats Edwin! You did great!;284;235
76;Congrats Carey! You did great!;89;30
77;Congrats Marcos! You did great!;106;11
78;Congrats Yadira! You did great!;33;181
79;Congrats Fredia! You did great!;206;21
80;Congrats Mellisa! You did great!;85;267
81;Congrats Jermaine! You did great!;285;147
82;Congrats Glen! You did great!;181;84
83;Congrats Anabel! You did great!;43;165
84;Congrats Norbert! You did great!;271;102
85;Congrats Tamesha! You did great!;165;43
86;Congrats Kasey! You did great!;60;98
87;Congrats Sharron! You did great!;146;281
88;Congrats Patricia! You did great!;133;248
89;Congrats Bennett! You did great!;188;291
90;Congrats Enrique! You did great!;222;200
91;Congrats Domenic! You did great!;167;49
92;Congrats Thanh! You did great!;101;30
93;Congrats Gisela! You did great!;220;266
94;Congrats Genaro! You did great!;71;268
95;Congrats Hubert! You did great!;106;257
96;Congrats Doug! You did great!;163;24
97;Congrats Jackelyn! You did great!;7;147
98;Congrats Stephen! You did great!;265;31
99;Congrats Ezekiel! You did great!;229;272
100;Congrats Lyda! You did great!;294;277
101;Congrats Min! You did great!;223;104
102;Congrats Garth! You did great!;38;155
103;Congrats Drew! You did great!;147;168
104;Congrats Maximo! You did great!;283;269
105;Congrats Curtis! You did great!;70;49
106;Congrats Candy! You did great!;185;89
107;Congrats Isaias! You did great!;297;90
108;Congrats Esmeralda! You did great!;243;202
109;Congrats Izola! You did great!;101;102
110;Congrats Mitchel! You did great!;135;243
111;Congrats Parker! You did great!;158;24
112;Congrats Rubin! You did great!;144;179
113;Congrats Allegra! You did great!;2;147
114;Congrats Ron! You did great!;115;64
115;Congrats Willard! You did great!;131;97
116;Congrats Paulita! You did great!;250;91
117;Congrats Saul! You did great!;266;260
118;Congrats Laurette! You did great!;14;2
119;Congrats Richie! You did great!;25;12
120;Congrats Brant! You did great!;42;47
121;Congrats Elvia! You did great!;253;132
122;Congrats Jamison! You did great!;182;18
123;Congrats Guillermo! You did great!;173;290
124;Congrats Landon! You did great!;60;251
125;Congrats Wilmer! You did great!;288;257
126;Congrats Kyla! You did great!;152;72
127;Congrats Dalton! You did great!;62;40
128;Congrats Scottie! You did great!;171;157
129;Congrats Stephaine! You did great!;22;284
130;Congrats Norberto! You did great!;254;162
131;Congrats Timmy! You did great!;251;102
132;Congrats Dion! You did great!;54;135
133;Congrats Earl! You did great!;291;280
134;Congrats Georgetta! You did great!;201;171
135;Congrats Pa! You did great!;207;25
136;Congrats France! You did great!;298;188
137;Congrats Kymberly! You did great!;45;296
138;Congrats Scot! You did great!;295;72
139;Congrats Kerry! You did great!;148;84
140;Congrats Cecila! You did great!;22;5
141;Congrats Barney! You did great!;194;205
142;Congrats Travis! You did great!;92;211
143;Congrats Jordon! You did great!;153;249
144;Congrats Cole! You did great!;2;87
145;Congrats Domenic! You did great!;117;164
146;Congrats Roselia! You did great!;210;100
147;Congrats Augustina! You did great!;155;259
148;Congrats Laverne! You did great!;110;140
149;Congrats Ashli! You did great!;97;185
150;Congrats Sherrell! You did great!;188;36
151;Congrats Robbie! You did great!;236;165
152;Congrats Illa! You did great!;279;59
153;Congrats Rayford! You did great!;261;81
154;Congrats Harrison! You did great!;148;268
155;Congrats Leanora! You did great!;265;218
156;Congrats Martha! You did great!;38;25
157;Congrats Rheba! You did great!;170;35
158;Congrats Tristan! You did great!;283;66
159;Congrats Kayla! You did great!;24;252
160;Congrats Ollie! You did great!;42;158
161;Congrats Tom! You did great!;2;298
162;Congrats Hershel! You did great!;7;47
163;Congrats Tayna! You did great!;253;25
164;Congrats Remona! You did great!;138;191
165;Congrats Pete! You did great!;175;238
166;Congrats Iluminada! You did great!;81;276
167;Congrats Geraldo! You did great!;277;164
168;Congrats Wilbert! You did great!;89;39
169;Congrats Mandi! You did great!;136;195
170;Congrats Jacalyn! You did great!;293;121
171;Congrats Teddy! You did great!;130;264
172;Congrats Steve! You did great!;213;268
173;Congrats Sheldon! You did great!;29;266
174;Congrats Osvaldo! You did great!;101;178
175;Congrats Jesus! You did great!;167;188
176;Congrats Lacy! You did great!;108;275
177;Congrats Tony! You did great!;236;234
178;Congrats Ailene! You did great!;193;233
179;Congrats Kerry! You did great!;39;73
180;Congrats Tom! You did great!;111;33
181;Congrats Tanya! You did great!;267;109
182;Congrats Maddie! You did great!;144;171
183;Congrats Jasmine! You did great!;84;199
184;Congrats Werner! You did great!;172;182
185;Congrats Kelly! You did great!;123;27
186;Congrats Lorrie! You did great!;226;127
187;Congrats Rob! You did great!;259;251
188;Congrats Roland! You did great!;186;39
189;Congrats Elvina! You did great!;164;236
190;Congrats Rupert! You did great!;177;57
191;Congrats Reggie! You did great!;172;105
192;Congrats Gonzalo! You did great!;8;8
193;Congrats Devona! You did great!;149;178
194;Congrats Brook! You did great!;234;288
195;Congrats Leeann! You did great!;54;147
196;Congrats Mason! You did great!;106;30
197;Congrats Ned! You did great!;236;135
198;Congrats Lela! You did great!;185;273
199;Congrats Amiee! You did great!;172;141
200;Congrats Dave! You did great!;270;13
201;Congrats Tory! You did great!;288;216
202;Congrats Freddy! You did great!;208;155
203;Congrats Marline! You did great!;47;111
204;Congrats Ethel! You did great!;252;123
205;Congrats Perry! You did great!;22;234
206;Congrats Teresa! You did great!;121;152
207;Congrats Renay! You did great!;294;277
208;Congrats Kirby! You did great!;81;126
209;Congrats Dong! You did great!;166;226
210;Congrats Katlyn! You did great!;158;37
211;Congrats Kendall! You did great!;161;181
212;Congrats Willy! You did great!;261;7
213;Congrats Lyle! You did great!;123;259
214;Congrats Adam! You did great!;26;212
215;Congrats Ramiro! You did great!;171;49
216;Congrats Cari! You did great!;148;280
217;Congrats Kori! You did great!;30;300
218;Congrats Irving! You did great!;86;105
219;Congrats Gilbert! You did great!;105;174
220;Congrats Francina! You did great!;5;270
221;Congrats Dell! You did great!;203;281
222;Congrats Dedra! You did great!;278;140
223;Congrats Walton! You did great!;24;31
224;Congrats Normand! You did great!;169;87
225;Congrats Altha! You did great!;104;211
226;Congrats Boyd! You did great!;251;36
227;Congrats Dwayne! You did great!;223;38
228;Congrats Megan! You did great!;15;293
229;Congrats Eric! You did great!;147;171
230;Congrats Rocio! You did great!;231;267
231;Congrats Sergio! You did great!;108;125
232;Congrats Melvin! You did great!;19;123
233;Congrats Marquetta! You did great!;180;27
234;Congrats Frances! You did great!;184;89
235;Congrats Tressa! You did great!;38;184
236;Congrats Angelique! You did great!;11;87
237;Congrats Jeannine! You did great!;6;72
238;Congrats Walker! You did great!;233;102
239;Congrats Reginald! You did great!;81;256
240;Congrats Vina! You did great!;158;151
241;Congrats Isidro! You did great!;252;144
242;Congrats Caprice! You did great!;240;140
243;Congrats Gerry! You did great!;136;216
244;Congrats Russell! You did great!;72;35
245;Congrats Robena! You did great!;77;144
246;Congrats Vicente! You did great!;39;36
247;Congrats Amado! You did great!;17;140
248;Congrats Freda! You did great!;259;226
249;Congrats Ha! You did great!;179;132
250;Congrats Jin! You did great!;49;18
251;Congrats Sam! You did great!;92;277
252;Congrats Valentina! You did great!;71;98
253;Congrats Valentine! You did great!;280;41
254;Congrats Kami! You did great!;128;146
255;Congrats Monique! You did great!;158;266
256;Congrats Fredrick! You did great!;107;193
257;Congrats Casey! You did great!;277;165
258;Congrats Kendrick! You did great!;101;60
259;Congrats Chi! You did great!;28;31
260;Congrats Minh! You did great!;33;287
261;Congrats Guy! You did great!;64;35
262;Congrats Barb! You did great!;95;158
263;Congrats Josette! You did great!;245;281
264;Congrats Stevie! You did great!;186;247
265;Congrats Angelo! You did great!;100;187
266;Congrats Dominick! You did great!;45;124
267;Congrats Dario! You did great!;288;146
268;Congrats Collin! You did great!;265;238
269;Congrats Quentin! You did great!;37;284
270;Congrats Reta! You did great!;62;167
271;Congrats Jacob! You did great!;148;299
272;Congrats Herb! You did great!;212;136
273;Congrats Woodrow! You did great!;279;140
274;Congrats Hong! You did great!;113;106
275;Congrats Kitty! You did great!;49;149
276;Congrats Anthony! You did great!;199;188
277;Congrats Amado! You did great!;7;140
278;Congrats Roscoe! You did great!;45;27
279;Congrats Evalyn! You did great!;1;216
280;Congrats Wendell! You did great!;2;64
281;Congrats Ted! You did great!;62;266
282;Congrats Minda! You did great!;164;3
283;Congrats Irving! You did great!;72;269
284;Congrats Flossie! You did great!;82;277
285;Congrats Hayden! You did great!;261;31
286;Congrats Reinaldo! You did great!;100;148
287;Congrats Rene! You did great!;184;296
288;Congrats Renea! You did great!;154;64
289;Congrats Jonathan! You did great!;107;199
290;Congrats Bryan! You did great!;168;11
291;Congrats Dean! You did great!;213;144
292;Congrats Twila! You did great!;204;71
293;Congrats Olympia! You did great!;206;217
294;Congrats Clarisa! You did great!;263;215
295;Congrats Bernardo! You did great!;134;215
296;Congrats Arielle! You did great!;192;280
297;Congrats Chas! You did great!;53;277
298;Congrats Luciano! You did great!;62;188
299;Congrats Dora! You did great!;170;236
300;Congrats Kelsey! You did great!;144;99
301;Congrats Odell! You did great!;151;165
302;Congrats Trevor! You did great!;281;41
303;Congrats Emmett! You did great!;87;276
304;Congrats Ellen! You did great!;9;25
305;Congrats Sandy! You did great!;75;162
306;Congrats Brian! You did great!;155;77
307;Congrats Alisha! You did great!;207;82
308;Congrats Takako! You did great!;141;30
309;Congrats Elena! You did great!;293;202
310;Congrats Walter! You did great!;280;131
311;Congrats Flavia! You did great!;98;121
312;Congrats Domenic! You did great!;84;255
313;Congrats Jerald! You did great!;40;247
314;Congrats Lanny! You did great!;150;104
315;Congrats Jame! You did great!;27;30
316;Congrats Edris! You did great!;6;8
317;Congrats Tiera! You did great!;154;184
318;Congrats Sally! You did great!;141;149
319;Congrats Shasta! You did great!;181;70
320;Congrats Sam! You did great!;273;26
321;Congrats Leonor! You did great!;77;195
322;Congrats Jc! You did great!;116;29
323;Congrats Maximo! You did great!;59;13
324;Congrats Jarrett! You did great!;50;153
325;Congrats Riva! You did great!;50;206
326;Congrats Dan! You did great!;49;146
327;Congrats Harry! You did great!;58;257
328;Congrats Joan! You did great!;119;100
329;Congrats Jodi! You did great!;144;83
330;Congrats Reggie! You did great!;231;24
331;Congrats Selena! You did great!;285;135
332;Congrats Lawerence! You did great!;128;205
333;Congrats Michal! You did great!;279;251
334;Congrats Tessa! You did great!;38;23
335;Congrats Lindsey! You did great!;262;29
336;Congrats Efren! You did great!;262;80
337;Congrats Chad! You did great!;225;203
338;Congrats Stephenie! You did great!;114;143
339;Congrats Tuan! You did great!;99;247
340;Congrats Isa! You did great!;119;273
341;Congrats Efren! You did great!;241;251
342;Congrats Merilyn! You did great!;14;68
343;Congrats Clarence! You did great!;176;27
344;Congrats Christinia! You did great!;179;151
345;Congrats Stevie! You did great!;256;5
346;Congrats Toney! You did great!;165;153
347;Congrats Rico! You did great!;153;120
348;Congrats Ian! You did great!;190;175
349;Congrats Shay! You did great!;235;245
350;Congrats Tawanda! You did great!;195;165
351;Congrats Zachary! You did great!;80;9
352;Congrats Vera! You did great!;187;241
353;Congrats Hollie! You did great!;204;46
354;Congrats Garfield! You did great!;170;105
355;Congrats Marcos! You did great!;250;172
356;Congrats Chanell! You did great!;141;199
357;Congrats Coleman! You did great!;109;80
358;Congrats Ahmed! You did great!;166;166
359;Congrats Lottie! You did great!;28;80
360;Congrats Heidi! You did great!;46;215
361;Congrats Carline! You did great!;100;226
362;Congrats Catalina! You did great!;279;237
363;Congrats Sindy! You did great!;40;286
364;Congrats Anika! You did great!;152;112
365;Congrats Nellie! You did great!;141;164
366;Congrats Jin! You did great!;59;282
367;Congrats Lavonna! You did great!;153;149
368;Congrats Terry! You did great!;93;220
369;Congrats Mimi! You did great!;269;290
370;Congrats Florencio! You did great!;276;102
371;Congrats Juliane! You did great!;226;273
372;Congrats Zane! You did great!;297;6
373;Congrats Stella! You did great!;165;269
374;Congrats Glynda! You did great!;179;94
375;Congrats Lavonna! You did great!;39;67
376;Congrats Claudio! You did great!;73;30
377;Congrats Galen! You did great!;267;26
378;Congrats Harrison! You did great!;95;216
379;Congrats Jerold! You did great!;198;191
380;Congrats Thora! You did great!;138;277
381;Congrats Ruth! You did great!;249;41
382;Congrats Rob! You did great!;238;146
383;Congrats Nickolas! You did great!;92;13
384;Congrats Lizette! You did great!;24;141
385;Congrats Gonzalo! You did great!;164;289
386;Congrats Paris! You did great!;283;77
387;Congrats Derick! You did great!;162;180
388;Congrats Emil! You did great!;70;144
389;Congrats Matt! You did great!;92;161
390;Congrats Marshall! You did great!;257;142
391;Congrats Alfonzo! You did great!;173;131
392;Congrats Alvin! You did great!;203;268
393;Congrats Crystal! You did great!;62;244
394;Congrats Vito! You did great!;150;59
395;Congrats Bobbie! You did great!;2;266
396;Congrats Lachelle! You did great!;130;218
397;Congrats Mariah! You did great!;51;25
398;Congrats Sherie! You did great!;214;273
399;Congrats Georgiann! You did great!;49;129
400;Congrats Bonnie! You did great!;45;275
401;Congrats Leia! You did great!;98;33
402;Congrats Lanora! You did great!;114;165
403;Congrats Merna! You did great!;69;288
404;Congrats Denice! You did great!;145;27
405;Congrats Hollis! You did great!;136;103
406;Congrats Augustus! You did great!;159;178
407;Congrats Risa! You did great!;213;94
408;Congrats Stevie! You did great!;3;300
409;Congrats Russell! You did great!;172;112
410;Congrats Stephen! You did great!;91;19
411;Congrats Scotty! You did great!;163;131
412;Congrats Assunta! You did great!;51;102
413;Congrats Lamar! You did great!;166;234
414;Congrats Jada! You did great!;286;192
415;Congrats Myles! You did great!;272;285
416;Congrats Chance! You did great!;91;132
417;Congrats Tijuana! You did great!;238;144
418;Congrats Kelvin! You did great!;164;114
419;Congrats Susanna! You did great!;216;176
420;Congrats Doris! You did great!;42;46
421;Congrats Clayton! You did great!;1;247
422;Congrats Alfredia! You did great!;212;189
423;Congrats Laquita! You did great!;271;135
424;Congrats Audria! You did great!;8;211
425;Congrats Gale! You did great!;190;41
426;Congrats Susannah! You did great!;297;147
427;Congrats Fe! You did great!;286;276
428;Congrats Gonzalo! You did great!;286;243
429;Congrats Manie! You did great!;111;57
430;Congrats Patrick! You did great!;280;199
431;Congrats Kam! You did great!;35;67
432;Congrats Donovan! You did great!;41;288
433;Congrats Cassondra! You did great!;32;241
434;Congrats Wilfredo! You did great!;267;52
435;Congrats Erin! You did great!;91;184
436;Congrats Murray! You did great!;80;125
437;Congrats Nolan! You did great!;270;144
438;Congrats Fabiola! You did great!;71;27
439;Congrats Zachery! You did great!;60;47
440;Congrats Ricardo! You did great!;278;104
441;Congrats Louanne! You did great!;251;61
442;Congrats Ignacio! You did great!;284;42
443;Congrats Barrett! You did great!;218;143
444;Congrats Luna! You did great!;122;202
445;Congrats Lamar! You did great!;300;168
446;Congrats Val! You did great!;43;55
447;Congrats Alvin! You did great!;10;167
448;Congrats Theo! You did great!;240;300
449;Congrats John! You did great!;227;160
450;Congrats Evelyn! You did great!;131;166
