UserID;UserName;Gender;Age ;Email;UserJoinDate
1;mbayldon0;F;70;mhentzeler0@wisc.edu;2019/08/31 00:00:00
2;ibeadon1;F;24;tvanelli1@webnode.com;2019/08/13 00:00:00
3;aforrest2;M;74;fancliff2@shutterfly.com;2019/06/23 00:00:00
4;hchazette3;M;60;salbion3@apple.com;2019/06/17 00:00:00
5;ggadman4;F;74;jnolin4@hp.com;2019/08/05 00:00:00
6;cfireman5;F;27;rantal5@jigsy.com;2019/07/28 00:00:00
7;sbyneth6;F;33;mwimsett6@com.com;2019/07/07 00:00:00
8;msandry7;F;29;fsaturley7@adobe.com;2019/06/10 00:00:00
9;ckarchowski8;F;23;mdafydd8@tripadvisor.com;2019/07/25 00:00:00
10;pmclachlan9;M;24;adallosso9@unc.edu;2019/07/24 00:00:00
11;mjacoxa;F;21;mcatchpolea@over-blog.com;2019/07/30 00:00:00
12;bdawidowiczb;M;16;kweldb@wordpress.org;2019/06/03 00:00:00
13;bcurlessc;M;18;lhaltc@creativecommons.org;2019/06/17 00:00:00
14;jtippled;F;68;sspriddled@nps.gov;2019/07/16 00:00:00
15;gstookese;M;26;gdellcasae@storify.com;2019/06/11 00:00:00
16;gstitwellf;F;46;khellicarf@github.io;2019/08/01 00:00:00
17;cklehyng;M;55;dcribbing@tumblr.com;2019/08/05 00:00:00
18;icanningh;M;55;jbentkeh@economist.com;2019/07/07 00:00:00
19;emoulesi;F;43;tbowmakeri@wiley.com;2019/08/05 00:00:00
20;tjacquotj;M;92;gwhelpdalej@edublogs.org;2019/07/31 00:00:00
21;bgregrk;M;60;proserk@hp.com;2019/07/05 00:00:00
22;dblampiedl;M;15;lbyrdl@globo.com;2019/07/10 00:00:00
23;pkingsnoadm;M;19;sleideckerm@privacy.gov.au;2019/08/10 00:00:00
24;bstodartn;M;92;jlarderotn@fastcompany.com;2019/06/15 00:00:00
25;vduigedo;F;90;rmcilmorieo@amazon.co.jp;2019/06/23 00:00:00
26;amowettp;M;37;sescalerop@hc360.com;2019/07/13 00:00:00
27;eabelsq;F;18;wthechamq@nifty.com;2019/08/01 00:00:00
28;mcotterillr;M;10;kwenmanr@instagram.com;2019/08/17 00:00:00
29;mommanneys;F;74;koleszcuks@berkeley.edu;2019/08/31 00:00:00
30;ssteinhamt;M;15;jabramst@aboutads.info;2019/08/09 00:00:00
31;vklieslu;F;79;jmatthessenu@studiopress.com;2019/07/25 00:00:00
32;dcloneyv;M;45;acolenuttv@google.cn;2019/07/13 00:00:00
33;akikkew;M;7;acolbornw@blogspot.com;2019/07/09 00:00:00
34;cdomenyx;F;62;hcrohanx@purevolume.com;2019/06/22 00:00:00
35;jmassoty;F;32;lmapesy@is.gd;2019/07/06 00:00:00
36;bcadremanz;F;84;ddavanaz@yellowbook.com;2019/06/23 00:00:00
37;gpudsall10;F;14;rdavys10@squarespace.com;2019/08/01 00:00:00
38;ekarpe11;M;58;blamport11@adobe.com;2019/07/06 00:00:00
39;ibaseke12;F;42;gdorn12@si.edu;2019/06/11 00:00:00
40;fokynsillaghe13;M;70;wadan13@icq.com;2019/08/31 00:00:00
41;ghawksworth14;M;55;jyoselevitch14@myspace.com;2019/07/01 00:00:00
42;cfutcher15;F;67;jseemmonds15@google.de;2019/06/27 00:00:00
43;chendrikse16;F;91;csaintpierre16@typepad.com;2019/06/26 00:00:00
44;shobson17;M;14;balbrighton17@census.gov;2019/06/10 00:00:00
45;gbraunroth18;F;68;eloftus18@wordpress.com;2019/06/20 00:00:00
46;lcammock19;M;99;plound19@sohu.com;2019/08/29 00:00:00
47;mlortz1a;M;90;bepiscopio1a@baidu.com;2019/07/11 00:00:00
48;kbenstead1b;F;23;aledley1b@upenn.edu;2019/08/05 00:00:00
49;ndiaper1c;M;71;blaboune1c@twitpic.com;2019/06/14 00:00:00
50;nwinterson1d;M;64;spettie1d@xinhuanet.com;2019/08/01 00:00:00
51;schellenham1e;F;58;ecoltman1e@mit.edu;2019/07/01 00:00:00
52;kpaulino1f;M;40;alosebie1f@posterous.com;2019/06/12 00:00:00
53;ohake1g;F;97;pfist1g@senate.gov;2019/07/01 00:00:00
54;csumner1h;M;93;eboater1h@nytimes.com;2019/07/22 00:00:00
55;rguillotin1i;M;74;wlangstone1i@amazonaws.com;2019/08/10 00:00:00
56;ibrager1j;M;81;tbate1j@nymag.com;2019/07/28 00:00:00
57;ccogle1k;M;91;splum1k@nationalgeographic.com;2019/06/06 00:00:00
58;dmcdonnell1l;M;50;mslite1l@geocities.jp;2019/07/14 00:00:00
59;dbootherstone1m;M;97;mstory1m@cbsnews.com;2019/07/07 00:00:00
60;aleward1n;M;60;jshyre1n@tinypic.com;2019/07/16 00:00:00
61;eolufsen1o;F;36;gcawdell1o@artisteer.com;2019/08/16 00:00:00
62;wpratty1p;M;91;cbennitt1p@xing.com;2019/06/02 00:00:00
63;gdabner1q;F;25;rshugg1q@dyndns.org;2019/06/23 00:00:00
64;tfuller1r;M;77;dgodain1r@w3.org;2019/07/31 00:00:00
65;chelder1s;F;65;wmcquilliam1s@cnn.com;2019/07/26 00:00:00
66;fnoads1t;M;13;ecrinage1t@epa.gov;2019/07/26 00:00:00
67;kwildgoose1u;F;27;cferia1u@dion.ne.jp;2019/08/27 00:00:00
68;ggosson1v;F;94;jsnoad1v@berkeley.edu;2019/06/01 00:00:00
69;wsollom1w;F;100;vpuden1w@dagondesign.com;2019/07/05 00:00:00
70;nkimmitt1x;M;75;hmckilroe1x@google.co.uk;2019/06/09 00:00:00
71;dtimcke1y;M;68;pguerra1y@typepad.com;2019/08/24 00:00:00
72;alambertson1z;F;97;fdowne1z@economist.com;2019/06/06 00:00:00
73;mrunciman20;F;90;vbernardini20@alexa.com;2019/06/17 00:00:00
74;uudell21;M;87;ringerfield21@theguardian.com;2019/08/31 00:00:00
75;rbonaire22;F;25;dauden22@smh.com.au;2019/07/31 00:00:00
76;lmosson23;F;72;lbalaam23@simplemachines.org;2019/08/02 00:00:00
77;bkildea24;F;41;mricioppo24@ucoz.com;2019/07/19 00:00:00
78;alettson25;M;34;kmaurice25@independent.co.uk;2019/06/29 00:00:00
79;etirte26;F;36;lduny26@blogs.com;2019/07/07 00:00:00
80;kpirson27;F;82;adunguy27@mac.com;2019/07/06 00:00:00
81;sduffield28;M;66;kbelford28@topsy.com;2019/07/03 00:00:00
82;dgearing29;M;24;fwhitwam29@jimdo.com;2019/08/31 00:00:00
83;afonquernie2a;F;50;eboole2a@taobao.com;2019/08/27 00:00:00
84;ypogg2b;M;81;lbrome2b@hud.gov;2019/06/02 00:00:00
85;wbegley2c;F;97;lbertouloume2c@zdnet.com;2019/06/28 00:00:00
86;cklesl2d;M;19;rleuty2d@freewebs.com;2019/07/17 00:00:00
87;mboothjarvis2e;F;49;ginge2e@shareasale.com;2019/08/16 00:00:00
88;nlomaz2f;M;72;tbatten2f@senate.gov;2019/06/20 00:00:00
89;amattia2g;M;73;plarrad2g@about.me;2019/07/21 00:00:00
90;elillyman2h;M;32;aglyssanne2h@photobucket.com;2019/08/22 00:00:00
91;diaduccelli2i;F;90;mmaltster2i@indiatimes.com;2019/07/15 00:00:00
92;jeveritt2j;M;16;bkenefick2j@telegraph.co.uk;2019/06/07 00:00:00
93;jfrost2k;F;55;vtopper2k@tripod.com;2019/07/18 00:00:00
94;rhansana2l;F;15;lsibly2l@posterous.com;2019/08/15 00:00:00
95;rbriffett2m;F;22;rscothron2m@google.ca;2019/08/04 00:00:00
96;eofallone2n;F;61;dgleadle2n@opensource.org;2019/07/09 00:00:00
97;mlacheze2o;F;97;abecraft2o@admin.ch;2019/07/02 00:00:00
98;rneathway2p;M;99;hbricket2p@furl.net;2019/08/01 00:00:00
99;ptuer2q;F;87;osproson2q@huffingtonpost.com;2019/07/19 00:00:00
100;slongstaffe2r;F;33;lwhinray2r@cbc.ca;2019/08/08 00:00:00
101;lartiss2s;M;41;jcodd2s@dagondesign.com;2019/08/10 00:00:00
102;jidwalevans2t;M;91;mhigbin2t@quantcast.com;2019/06/26 00:00:00
103;amacgiollapheadair2u;F;10;wporkiss2u@icq.com;2019/06/11 00:00:00
104;cbloxholm2v;M;48;akearle2v@wp.com;2019/08/13 00:00:00
105;rcookson2w;F;39;fdionisi2w@icio.us;2019/08/18 00:00:00
106;cbester2x;M;52;fthynn2x@dedecms.com;2019/07/12 00:00:00
107;fgolding2y;F;7;thandaside2y@ca.gov;2019/08/06 00:00:00
108;tgreenall2z;M;70;mlambird2z@tiny.cc;2019/07/18 00:00:00
109;cmaillard30;F;66;fburnsall30@bloglines.com;2019/07/05 00:00:00
110;rgwilym31;M;20;fwoodyer31@goodreads.com;2019/07/09 00:00:00
111;dmcgeffen32;M;22;jroskams32@bloomberg.com;2019/07/02 00:00:00
112;cbanville33;M;98;cargile33@mlb.com;2019/08/03 00:00:00
113;vpesik34;F;19;acorteney34@npr.org;2019/08/14 00:00:00
114;atodeo35;M;68;dglendzer35@shutterfly.com;2019/07/04 00:00:00
115;bcauson36;F;61;lfurlong36@smugmug.com;2019/07/26 00:00:00
116;tornils37;F;95;wkrabbe37@soundcloud.com;2019/08/08 00:00:00
117;htremellier38;F;86;jwilshire38@dion.ne.jp;2019/07/11 00:00:00
118;ldegliabbati39;F;34;kpetrus39@phpbb.com;2019/06/27 00:00:00
119;kmorris3a;M;28;lchazotte3a@list-manage.com;2019/07/13 00:00:00
120;jsalman3b;F;60;gfilby3b@cam.ac.uk;2019/08/14 00:00:00
121;dgaddas3c;F;7;smullord3c@google.es;2019/07/14 00:00:00
122;fhuchot3d;M;55;cstemson3d@odnoklassniki.ru;2019/08/11 00:00:00
123;tclarkson3e;M;67;arenowden3e@amazon.com;2019/08/19 00:00:00
124;jgoor3f;F;89;mpottie3f@intel.com;2019/07/18 00:00:00
125;lhawkins3g;M;68;mkruse3g@psu.edu;2019/08/21 00:00:00
126;hgrabb3h;F;72;lgleed3h@europa.eu;2019/08/28 00:00:00
127;zwoodyear3i;M;27;hsmithyman3i@earthlink.net;2019/07/25 00:00:00
128;tbeeton3j;M;18;treiner3j@flickr.com;2019/08/15 00:00:00
129;calderwick3k;F;33;abox3k@purevolume.com;2019/08/04 00:00:00
130;pcollister3l;M;37;lswynfen3l@devhub.com;2019/08/16 00:00:00
131;hhoffmann3m;M;64;tcirlos3m@merriam-webster.com;2019/07/14 00:00:00
132;emaccorley3n;F;96;mphilippe3n@home.pl;2019/08/06 00:00:00
133;mstolting3o;M;70;hchisholme3o@huffingtonpost.com;2019/08/17 00:00:00
134;jchartre3p;F;10;cbertelet3p@walmart.com;2019/08/27 00:00:00
135;gvasyunkin3q;F;78;bparlour3q@vk.com;2019/08/30 00:00:00
136;dtuftin3r;M;52;vwhitwham3r@bbc.co.uk;2019/06/13 00:00:00
137;cgreene3s;M;38;nmahony3s@yahoo.co.jp;2019/08/29 00:00:00
138;adimmick3t;M;46;rdepper3t@tuttocitta.it;2019/08/19 00:00:00
139;cfarnorth3u;M;75;trenne3u@miibeian.gov.cn;2019/06/25 00:00:00
140;sslot3v;F;22;hrenard3v@bandcamp.com;2019/07/06 00:00:00
141;yholleworth3w;F;27;ldoyley3w@china.com.cn;2019/08/12 00:00:00
142;kkingsmill3x;F;17;hdrakers3x@sciencedirect.com;2019/07/03 00:00:00
143;ukarran3y;M;21;rvalente3y@jugem.jp;2019/07/26 00:00:00
144;dchettoe3z;M;100;sgue3z@japanpost.jp;2019/08/17 00:00:00
145;hhenkens40;F;30;lfreund40@flickr.com;2019/08/25 00:00:00
146;brantoull41;F;92;sdeantoni41@reference.com;2019/07/13 00:00:00
147;bparysowna42;M;84;wgodin42@tuttocitta.it;2019/07/28 00:00:00
148;mdorsey43;F;11;rnock43@whitehouse.gov;2019/07/27 00:00:00
149;sbengochea44;F;66;cmessent44@cdc.gov;2019/07/05 00:00:00
150;nmcdougal45;M;28;amckain45@deliciousdays.com;2019/08/30 00:00:00
151;rdanes46;F;44;eworrell46@dailymail.co.uk;2019/08/25 00:00:00
152;aphidgin47;F;91;amarchello47@rambler.ru;2019/07/26 00:00:00
153;hluisetti48;F;15;cmeade48@vinaora.com;2019/08/25 00:00:00
154;bminet49;M;90;ggarken49@ovh.net;2019/07/09 00:00:00
155;mfery4a;M;66;bheadford4a@sitemeter.com;2019/06/14 00:00:00
156;gbillingsley4b;M;52;sepp4b@meetup.com;2019/08/24 00:00:00
157;nstarsmeare4c;F;87;clangfitt4c@sakura.ne.jp;2019/06/06 00:00:00
158;scoverdill4d;F;41;gsancho4d@google.it;2019/07/26 00:00:00
159;bbranwhite4e;F;49;pcowen4e@printfriendly.com;2019/06/15 00:00:00
160;kadran4f;F;20;agrigorian4f@huffingtonpost.com;2019/08/16 00:00:00
161;dbourdas4g;M;91;arodgers4g@google.pl;2019/06/17 00:00:00
162;cparks4h;M;91;rgatley4h@storify.com;2019/07/31 00:00:00
163;djolliffe4i;F;43;sslowley4i@exblog.jp;2019/07/19 00:00:00
164;ecloake4j;M;62;whustler4j@shop-pro.jp;2019/06/16 00:00:00
165;asharphouse4k;M;32;hcamilletti4k@theatlantic.com;2019/08/03 00:00:00
166;ngiriardelli4l;F;44;aheersma4l@diigo.com;2019/07/28 00:00:00
167;mnacci4m;M;97;rgallacher4m@drupal.org;2019/08/28 00:00:00
168;gwoollacott4n;M;78;mallum4n@issuu.com;2019/08/21 00:00:00
169;ghearn4o;M;67;igarrique4o@angelfire.com;2019/07/22 00:00:00
170;shenrionot4p;M;13;hwilletts4p@toplist.cz;2019/07/10 00:00:00
171;amccrostie4q;F;81;mbleackley4q@sourceforge.net;2019/08/01 00:00:00
172;mbastiman4r;M;47;araulin4r@diigo.com;2019/08/19 00:00:00
173;egrzes4s;M;11;ctallyn4s@vk.com;2019/06/24 00:00:00
174;rnesbitt4t;F;25;hjatczak4t@cisco.com;2019/06/02 00:00:00
175;kpocke4u;F;29;bpolk4u@sciencedaily.com;2019/08/15 00:00:00
176;gcridlan4v;M;42;bdunkirk4v@last.fm;2019/07/26 00:00:00
177;idiamond4w;M;23;wollet4w@tumblr.com;2019/06/15 00:00:00
178;dmcmenamin4x;M;64;aariss4x@typepad.com;2019/07/25 00:00:00
179;rblower4y;M;13;amathivat4y@ft.com;2019/06/07 00:00:00
180;ejepson4z;M;22;gblacket4z@ft.com;2019/06/13 00:00:00
181;rhallgough50;F;33;ohayman50@ucsd.edu;2019/07/30 00:00:00
182;mbolle51;F;64;kbiddulph51@google.nl;2019/08/22 00:00:00
183;kkropach52;F;59;cburnel52@cnet.com;2019/08/24 00:00:00
184;troscher53;M;96;gferraro53@imdb.com;2019/08/30 00:00:00
185;bcocks54;F;43;avase54@feedburner.com;2019/06/30 00:00:00
186;rchazelas55;M;82;shindshaw55@sogou.com;2019/07/23 00:00:00
187;ebaford56;F;39;mpayze56@usa.gov;2019/07/25 00:00:00
188;lraubenheimers57;F;68;tpaddingdon57@51.la;2019/08/20 00:00:00
189;ibentzen58;M;47;sbeacom58@smugmug.com;2019/06/19 00:00:00
190;pcoursor59;F;36;dmarnes59@google.com.br;2019/06/22 00:00:00
191;apressman5a;F;56;etreske5a@un.org;2019/06/09 00:00:00
192;fgoulder5b;F;9;tbowen5b@statcounter.com;2019/06/13 00:00:00
193;pamberg5c;F;89;tosgardby5c@businesswire.com;2019/06/16 00:00:00
194;smelvin5d;F;88;mdeem5d@mit.edu;2019/07/08 00:00:00
195;swrightem5e;F;98;mmcteer5e@salon.com;2019/08/31 00:00:00
196;rbarensky5f;F;82;nsanbrooke5f@phoca.cz;2019/08/14 00:00:00
197;btrayhorn5g;F;29;gedgeon5g@wordpress.com;2019/08/11 00:00:00
198;glockley5h;M;64;ctracey5h@theglobeandmail.com;2019/08/02 00:00:00
199;fodam5i;M;90;cmully5i@vinaora.com;2019/06/04 00:00:00
200;ecorde5j;M;78;ncolaton5j@jiathis.com;2019/08/28 00:00:00
201;mkrolman5k;F;18;npapes5k@newyorker.com;2019/08/18 00:00:00
202;csertin5l;F;46;ggehricke5l@meetup.com;2019/07/26 00:00:00
203;mhebblewaite5m;M;83;twoodhead5m@cyberchimps.com;2019/07/27 00:00:00
204;nginley5n;F;46;tmayhew5n@posterous.com;2019/07/07 00:00:00
205;npinnegar5o;F;79;sjanikowski5o@yahoo.com;2019/07/10 00:00:00
206;lerswell5p;M;51;osymms5p@time.com;2019/07/16 00:00:00
207;ipreshous5q;F;7;rrodder5q@t-online.de;2019/06/18 00:00:00
208;ahitcham5r;F;88;zdmych5r@pinterest.com;2019/06/12 00:00:00
209;isilverthorn5s;M;48;achipman5s@behance.net;2019/08/19 00:00:00
210;fartindale5t;M;5;ocadwaladr5t@whitehouse.gov;2019/07/04 00:00:00
211;vzorzoni5u;F;7;cberthe5u@51.la;2019/07/20 00:00:00
212;hgrimster5v;F;65;lthay5v@paginegialle.it;2019/07/15 00:00:00
213;ehenworth5w;F;97;glonghorne5w@shinystat.com;2019/07/09 00:00:00
214;eprescote5x;F;23;bcocks5x@geocities.com;2019/08/24 00:00:00
215;mpullen5y;F;23;aalgar5y@dedecms.com;2019/08/26 00:00:00
216;dvasenkov5z;M;41;mzute5z@weebly.com;2019/07/01 00:00:00
217;trobbe60;M;96;avittori60@unblog.fr;2019/06/04 00:00:00
218;fpizer61;F;67;rprovest61@hc360.com;2019/06/18 00:00:00
219;wmerveille62;M;45;cpolye62@ustream.tv;2019/07/29 00:00:00
220;dbloyes63;M;12;lraithbie63@facebook.com;2019/06/09 00:00:00
221;edonner64;F;24;ypetti64@paypal.com;2019/08/03 00:00:00
222;cwelsby65;F;5;tmoakes65@bandcamp.com;2019/07/12 00:00:00
223;vdyball66;F;45;vreiners66@noaa.gov;2019/06/14 00:00:00
224;jlewsy67;M;81;lnern67@cnn.com;2019/06/01 00:00:00
225;clanchbury68;F;39;mperulli68@amazon.co.jp;2019/06/26 00:00:00
226;pmalt69;M;85;ebaleine69@skype.com;2019/07/05 00:00:00
227;jricciardi6a;M;83;rcast6a@weebly.com;2019/07/25 00:00:00
228;jratledge6b;F;29;mofallowne6b@arstechnica.com;2019/06/05 00:00:00
229;hjellico6c;M;97;wdowdney6c@pcworld.com;2019/06/24 00:00:00
230;sportch6d;M;10;hstedell6d@fda.gov;2019/07/24 00:00:00
231;dvina6e;F;61;kbeathem6e@blinklist.com;2019/06/03 00:00:00
232;aquail6f;F;82;wmuckle6f@shutterfly.com;2019/07/10 00:00:00
233;jpridmore6g;F;50;asushams6g@twitpic.com;2019/07/30 00:00:00
234;dhitscher6h;M;74;btumasian6h@ehow.com;2019/06/19 00:00:00
235;wharbin6i;M;57;goki6i@people.com.cn;2019/08/23 00:00:00
236;nfullard6j;F;27;alorenzetti6j@mit.edu;2019/06/05 00:00:00
237;dshimmans6k;M;69;alarwell6k@bluehost.com;2019/07/08 00:00:00
238;adunaway6l;M;44;mbagnell6l@tinypic.com;2019/06/23 00:00:00
239;rvanbaaren6m;F;22;kdomnick6m@altervista.org;2019/07/31 00:00:00
240;snilles6n;M;49;tsimonitto6n@bluehost.com;2019/08/05 00:00:00
241;dmellers6o;M;17;tpalister6o@unesco.org;2019/07/08 00:00:00
242;dyuill6p;M;46;mstoite6p@google.fr;2019/08/30 00:00:00
243;rvuitton6q;F;70;dlinstead6q@fema.gov;2019/08/30 00:00:00
244;ritschakov6r;M;25;llongbothom6r@wp.com;2019/08/10 00:00:00
245;ldumphrey6s;M;7;gbenzing6s@ucoz.ru;2019/06/01 00:00:00
246;nfigge6t;M;68;dphant6t@whitehouse.gov;2019/07/26 00:00:00
247;mmccuaig6u;M;71;lpeasee6u@smh.com.au;2019/08/12 00:00:00
248;knorthill6v;F;98;rtrainor6v@quantcast.com;2019/06/14 00:00:00
249;wgrigson6w;F;77;dfeechum6w@indiatimes.com;2019/08/15 00:00:00
250;aricker6x;M;47;bhidderley6x@exblog.jp;2019/06/16 00:00:00
251;mnewbegin6y;F;79;ssteet6y@4shared.com;2019/06/29 00:00:00
252;rclaridge6z;M;82;slefeuvre6z@nps.gov;2019/07/11 00:00:00
253;mdewhurst70;F;78;kbramley70@hc360.com;2019/06/17 00:00:00
254;pwindus71;F;68;crolph71@nhs.uk;2019/06/23 00:00:00
255;emclugaish72;F;63;maleksic72@csmonitor.com;2019/06/30 00:00:00
256;jlowerson73;F;57;srash73@dedecms.com;2019/08/01 00:00:00
257;equincey74;M;74;gemlin74@123-reg.co.uk;2019/06/05 00:00:00
258;daguirrezabala75;F;92;rharrower75@digg.com;2019/08/04 00:00:00
259;mrissen76;M;23;rszymanek76@ihg.com;2019/08/02 00:00:00
260;wwynrahame77;F;41;clynam77@epa.gov;2019/06/21 00:00:00
261;mpeckitt78;M;16;soxteby78@nhs.uk;2019/08/08 00:00:00
262;rlynnitt79;F;74;ggowthrop79@eventbrite.com;2019/08/08 00:00:00
263;adewis7a;F;67;dmorsey7a@techcrunch.com;2019/07/28 00:00:00
264;tdumphries7b;F;11;omcwaters7b@wufoo.com;2019/07/19 00:00:00
265;mbunner7c;M;7;wmularkey7c@slate.com;2019/07/28 00:00:00
266;dflea7d;F;65;jpowis7d@utexas.edu;2019/08/28 00:00:00
267;nlorens7e;F;92;mocorrane7e@pcworld.com;2019/08/20 00:00:00
268;arosina7f;F;33;yrowlin7f@xinhuanet.com;2019/06/14 00:00:00
269;ahallbord7g;F;81;bhrynczyk7g@miibeian.gov.cn;2019/07/01 00:00:00
270;nconkling7h;M;39;kisitt7h@sitemeter.com;2019/06/03 00:00:00
271;cskells7i;M;5;wrussilll7i@theguardian.com;2019/06/06 00:00:00
272;elegalle7j;F;86;codo7j@alibaba.com;2019/08/08 00:00:00
273;hbrunesco7k;M;81;ppero7k@imageshack.us;2019/07/29 00:00:00
274;aaddicote7l;M;57;fmoules7l@hhs.gov;2019/07/26 00:00:00
275;kwragg7m;F;40;mkollas7m@cpanel.net;2019/08/27 00:00:00
276;shighwood7n;M;63;bshillitto7n@techcrunch.com;2019/06/02 00:00:00
277;sorae7o;M;38;amusicka7o@utexas.edu;2019/06/16 00:00:00
278;gdemerida7p;M;83;dcoggin7p@g.co;2019/06/30 00:00:00
279;jchang7q;M;27;cwolters7q@scribd.com;2019/08/22 00:00:00
280;bshakelady7r;M;64;lfowle7r@pbs.org;2019/06/23 00:00:00
281;theiner7s;M;8;hsignore7s@booking.com;2019/06/12 00:00:00
282;yboodle7t;F;83;amcalinden7t@is.gd;2019/06/27 00:00:00
283;bdavidavidovics7u;F;40;abortoluzzi7u@intel.com;2019/08/20 00:00:00
284;nroskelly7v;M;54;slimeburner7v@taobao.com;2019/06/06 00:00:00
285;boronan7w;F;65;atebald7w@usda.gov;2019/06/11 00:00:00
286;ksaffell7x;F;88;ameece7x@virginia.edu;2019/07/08 00:00:00
287;idoumerc7y;M;69;myes7y@moonfruit.com;2019/08/15 00:00:00
288;cneesam7z;M;82;mbrignall7z@about.me;2019/06/21 00:00:00
289;jmatusson80;F;71;ccawkill80@jugem.jp;2019/06/10 00:00:00
290;acloutt81;M;54;rantonelli81@github.com;2019/07/20 00:00:00
291;tmagee82;M;55;esara82@toplist.cz;2019/06/26 00:00:00
292;mstelfax83;M;80;hmcbean83@amazonaws.com;2019/06/23 00:00:00
293;rstarkings84;F;27;kkipling84@msu.edu;2019/07/14 00:00:00
294;mbernardino85;M;53;kmetrick85@ow.ly;2019/06/06 00:00:00
295;kclymo86;M;16;pjedrych86@blinklist.com;2019/08/19 00:00:00
296;hrehor87;M;42;ecranidge87@theglobeandmail.com;2019/08/07 00:00:00
297;rdyneley88;F;99;jshawley88@1688.com;2019/07/25 00:00:00
298;bbubbins89;F;27;cfallows89@weebly.com;2019/06/26 00:00:00
299;cruslinge8a;M;49;hmatussevich8a@apache.org;2019/07/13 00:00:00
300;ndobsons8b;F;14;kamsden8b@mysql.com;2019/08/09 00:00:00
